query_id,strategy,label,cost_usd,output_tokens,thinking_tokens,latency_ms,quality,capped
q001,sonnet_low,simple,0.005532,304,0,2872,5,False
q004,sonnet_low,simple,0.004454,137,0,3018,5,False
q005,sonnet_low,simple,0.003262,109,0,1899,5,False
q006,sonnet_low,simple,0.00411,87,0,2121,5,False
q007,sonnet_low,simple,0.004438,132,0,1957,5,False
q008,sonnet_low,simple,0.004314,106,0,1825,5,False
q013,sonnet_low,simple,0.004148,139,0,2044,5,False
q015,sonnet_low,simple,0.003184,102,0,2084,5,False
q016,sonnet_low,simple,0.004392,163,0,2150,5,False
q018,sonnet_low,simple,0.003866,91,0,2314,5,False
q021,sonnet_low,simple,0.0048,168,0,2304,4,False
q024,sonnet_low,simple,0.00473,130,0,1660,5,False
q028,sonnet_low,simple,0.003702,127,0,1506,4,False
q029,sonnet_low,complex,0.005254,165,0,2229,2,False
q031,sonnet_low,simple,0.003986,74,0,1597,5,False
q032,sonnet_low,simple,0.003646,112,0,1951,5,False
q033,sonnet_low,simple,0.003838,116,0,2005,5,False
q034,sonnet_low,complex,0.005328,277,0,3239,5,False
q036,sonnet_low,simple,0.004368,138,0,2026,5,False
q043,sonnet_low,simple,0.004252,87,0,2060,5,False
q044,sonnet_low,simple,0.003772,82,0,2034,5,False
q046,sonnet_low,simple,0.005132,281,116,3042,5,False
q047,sonnet_low,simple,0.003156,21,0,1389,5,False
q049,sonnet_low,simple,0.00387,92,0,2020,5,False
q050,sonnet_low,complex,0.004446,156,0,2099,5,False
q052,sonnet_low,simple,0.003716,106,0,2678,5,False
q054,sonnet_low,simple,0.004002,91,0,1752,5,False
q056,sonnet_low,simple,0.004978,220,53,3107,1,False
q057,sonnet_low,complex,0.006158,342,0,3875,5,False
q060,sonnet_low,simple,0.004426,129,0,2492,5,False
q062,sonnet_low,complex,0.004306,161,0,2039,5,False
q063,sonnet_low,complex,0.004938,135,0,2727,5,False
q064,sonnet_low,complex,0.004454,130,0,1955,5,False
q068,sonnet_low,complex,0.00527,210,0,3029,5,False
q071,sonnet_low,complex,0.004844,195,0,2273,5,False
q073,sonnet_low,complex,0.006882,418,233,4290,5,False
q075,sonnet_low,complex,0.004004,83,0,1982,5,False
q077,sonnet_low,simple,0.003572,138,0,7701,5,False
q078,sonnet_low,simple,0.005978,365,204,3635,2,False
q079,sonnet_low,complex,0.003734,103,0,2019,5,False
q081,sonnet_low,simple,0.00474,148,0,2355,5,False
q084,sonnet_low,simple,0.004588,162,0,2824,5,False
q085,sonnet_low,complex,0.004958,199,0,2835,5,False
q086,sonnet_low,complex,0.009288,611,390,5636,5,False
q090,sonnet_low,complex,0.005668,286,0,2742,5,False
q091,sonnet_low,complex,0.006938,409,0,3818,4,False
q095,sonnet_low,complex,0.005962,374,164,3937,3,False
q096,sonnet_low,complex,0.006136,311,0,3038,3,False
q098,sonnet_low,complex,0.006616,406,247,3995,5,False
q100,sonnet_low,complex,0.008508,497,276,5105,5,False
q001,sonnet_medium,simple,0.005272,278,0,2555,5,False
q004,sonnet_medium,simple,0.004934,185,0,2409,5,False
q005,sonnet_medium,simple,0.003292,112,0,1727,5,False
q006,sonnet_medium,simple,0.00406,82,0,1484,5,False
q007,sonnet_medium,simple,0.004438,132,0,2008,5,False
q008,sonnet_medium,simple,0.004354,110,0,1661,5,False
q013,sonnet_medium,simple,0.004248,149,0,2023,5,False
q015,sonnet_medium,simple,0.003464,130,0,1594,5,False
q016,sonnet_medium,simple,0.004392,163,0,2039,5,False
q018,sonnet_medium,simple,0.003856,90,0,1601,5,False
q021,sonnet_medium,simple,0.00466,154,0,2283,4,False
q024,sonnet_medium,simple,0.00472,129,0,2173,5,False
q028,sonnet_medium,simple,0.003902,147,0,4502,4,False
q029,sonnet_medium,complex,0.005554,195,0,3062,2,False
q031,sonnet_medium,simple,0.004466,122,0,1883,5,False
q032,sonnet_medium,simple,0.003536,101,0,1586,5,False
q033,sonnet_medium,simple,0.003818,114,0,2719,5,False
q034,sonnet_medium,complex,0.004728,217,0,2609,5,False
q036,sonnet_medium,simple,0.005058,207,0,2472,5,False
q043,sonnet_medium,simple,0.004362,98,0,2253,5,False
q044,sonnet_medium,simple,0.003772,82,0,3222,5,False
q046,sonnet_medium,simple,0.004832,251,103,2763,5,False
q047,sonnet_medium,simple,0.003396,45,0,1376,5,False
q049,sonnet_medium,simple,0.00411,116,0,1983,5,False
q050,sonnet_medium,complex,0.005956,307,126,3540,5,False
q052,sonnet_medium,simple,0.003806,115,0,1932,5,False
q054,sonnet_medium,simple,0.004282,119,0,1719,5,False
q056,sonnet_medium,simple,0.004148,137,0,2082,1,False
q057,sonnet_medium,complex,0.009538,680,377,5965,5,False
q060,sonnet_medium,simple,0.004206,107,0,1689,5,False
q062,sonnet_medium,complex,0.004356,166,0,2334,5,False
q063,sonnet_medium,complex,0.005958,237,92,3198,5,False
q064,sonnet_medium,complex,0.004564,141,0,2368,4,False
q068,sonnet_medium,complex,0.00646,329,142,6571,5,False
q071,sonnet_medium,complex,0.004754,186,0,2693,5,False
q073,sonnet_medium,complex,0.006882,418,241,3940,5,False
q075,sonnet_medium,complex,0.003754,58,0,1928,5,False
q077,sonnet_medium,simple,0.004012,182,0,2963,5,False
q078,sonnet_medium,simple,0.005828,350,166,3375,2,False
q079,sonnet_medium,complex,0.004154,145,0,2721,4,False
q081,sonnet_medium,simple,0.00643,317,177,3383,5,False
q084,sonnet_medium,simple,0.004698,173,0,2856,5,False
q085,sonnet_medium,complex,0.004878,191,0,3326,5,False
q086,sonnet_medium,complex,0.009688,651,429,5948,5,False
q090,sonnet_medium,complex,0.005348,254,0,3288,5,False
q091,sonnet_medium,complex,0.009958,711,338,6132,4,False
q095,sonnet_medium,complex,0.006192,397,202,4089,3,False
q096,sonnet_medium,complex,0.009616,659,378,5965,3,False
q098,sonnet_medium,complex,0.007166,461,283,4801,5,False
q100,sonnet_medium,complex,0.009588,605,379,5895,5,False
q001,sonnet_high,simple,0.006112,362,134,3875,5,False
q004,sonnet_high,simple,0.005904,282,102,7191,5,False
q005,sonnet_high,simple,0.004242,207,99,2299,5,False
q006,sonnet_high,simple,0.00521,197,87,2558,5,False
q007,sonnet_high,simple,0.004448,133,0,2017,5,False
q008,sonnet_high,simple,0.004344,109,0,1728,5,False
q013,sonnet_high,simple,0.005008,225,101,3489,5,False
q015,sonnet_high,simple,0.004764,260,105,3412,5,False
q016,sonnet_high,simple,0.005712,295,147,3160,5,False
q018,sonnet_high,simple,0.004556,160,74,2491,5,False
q021,sonnet_high,simple,0.00605,293,109,2730,4,False
q024,sonnet_high,simple,0.00447,104,0,2317,5,False
q028,sonnet_high,simple,0.007612,518,408,4895,5,False
q029,sonnet_high,complex,0.006684,308,174,3665,5,False
q031,sonnet_high,simple,0.004306,106,0,1825,5,False
q032,sonnet_high,simple,0.004346,182,72,2307,5,False
q033,sonnet_high,simple,0.003818,114,0,2133,5,False
q034,sonnet_high,complex,0.007278,472,223,4217,5,False
q036,sonnet_high,simple,0.006248,326,203,6040,5,False
q043,sonnet_high,simple,0.004332,95,0,1900,5,False
q044,sonnet_high,simple,0.005372,242,139,2940,4,False
q046,sonnet_high,simple,0.005032,271,133,2860,5,False
q047,sonnet_high,simple,0.003146,20,0,1417,5,False
q049,sonnet_high,simple,0.00459,164,79,2659,5,False
q050,sonnet_high,complex,0.006326,344,163,4346,5,False
q052,sonnet_high,simple,0.005166,251,138,3167,5,False
q054,sonnet_high,simple,0.005232,214,123,2683,5,False
q056,sonnet_high,simple,0.005478,270,131,3291,1,False
q057,sonnet_high,complex,0.009508,677,383,5699,5,False
q060,sonnet_high,simple,0.006516,338,204,3679,4,False
q062,sonnet_high,complex,0.005426,273,128,2667,5,False
q063,sonnet_high,complex,0.006898,331,204,6842,5,False
q064,sonnet_high,complex,0.006714,356,157,4252,5,False
q068,sonnet_high,complex,0.00718,401,221,3659,5,False
q071,sonnet_high,complex,0.006984,409,171,4355,5,False
q073,sonnet_high,complex,0.007182,448,289,6753,5,False
q075,sonnet_high,complex,0.003754,58,0,1673,5,False
q077,sonnet_high,simple,0.005182,299,164,3404,5,False
q078,sonnet_high,simple,0.005868,354,186,4418,2,False
q079,sonnet_high,complex,0.005784,308,166,3390,5,False
q081,sonnet_high,simple,0.00618,292,152,3969,5,False
q084,sonnet_high,simple,0.005518,255,100,3167,5,False
q085,sonnet_high,complex,0.008208,524,355,5615,3,False
q086,sonnet_high,complex,0.011128,795,580,7613,5,False
q090,sonnet_high,complex,0.007318,451,175,4801,5,False
q091,sonnet_high,complex,0.010538,769,401,6481,4,False
q095,sonnet_high,complex,0.007722,550,309,6123,3,False
q096,sonnet_high,complex,0.009146,612,317,5938,3,False
q098,sonnet_high,complex,0.008306,575,339,5187,5,False
q100,sonnet_high,complex,0.010228,669,390,6440,5,False
