query_id,p_complex,laya_ms,laya_choice
q001,0.3356,996.0735999047756,simple
q002,0.416,194.0904000075534,simple
q003,0.5536,190.3041999321431,complex
q004,0.4903,191.1258000181988,simple
q005,0.5932,191.37230003252625,complex
q006,0.5531,189.37090004328638,complex
q007,0.4276,190.20429998636246,simple
q008,0.5822,191.11269991844893,complex
q009,0.5551,192.2595000360161,complex
q010,0.5189,192.06689996644855,complex
q011,0.4145,193.36669996846467,simple
q012,0.3848,193.44980001915246,simple
q013,0.5842,197.4715000251308,complex
q014,0.4818,196.12390000838786,simple
q015,0.7378,191.41829991713166,complex
q016,0.6067,192.70129990763962,complex
q017,0.4288,192.11360008921474,simple
q018,0.5169,191.56720000319183,complex
q019,0.5857,187.9588000010699,complex
q020,0.608,190.46109996270388,complex
q021,0.3814,189.04580001253635,simple
q022,0.5548,189.96609991881996,complex
q023,0.3336,192.84649996552616,simple
q024,0.6977,186.62779999431223,complex
q025,0.5097,189.7785000037402,complex
q026,0.5717,188.57199989724904,complex
q027,0.3606,194.53130010515451,simple
q028,0.6079,197.24580005276948,complex
q029,0.6222,199.5534000452608,complex
q030,0.2275,199.1357000079006,simple
q031,0.3858,189.61410003248602,simple
q032,0.7579,194.06230002641678,complex
q033,0.6108,193.83410003501922,complex
q034,0.5607,197.082000086084,complex
q035,0.5939,190.0643000844866,complex
q036,0.5924,191.86760007869452,complex
q037,0.5046,197.91109999641776,complex
q038,0.5885,192.0731000136584,complex
q039,0.6639,196.90039998386055,complex
q040,0.6548,193.99449997581542,complex
q041,0.5077,191.5832000086084,complex
q042,0.5302,194.98609995935112,complex
q043,0.6801,190.43069996405393,complex
q044,0.6222,193.3451999211684,complex
q045,0.6457,191.53000006917864,complex
q046,0.708,192.83429998904467,complex
q047,0.5082,192.65920005273074,complex
q048,0.6952,193.95589991472661,complex
q049,0.5072,193.52829991839826,complex
q050,0.6322,193.62339994404465,complex
q051,0.5533,197.95329996850342,complex
q052,0.632,191.07340008486062,complex
q053,0.4333,195.5322000430897,simple
q054,0.4647,192.67040002159774,simple
q055,0.5108,193.79699998535216,complex
q056,0.5961,192.2282000305131,complex
q057,0.7406,273.62990006804466,complex
q058,0.7266,192.19610001891851,complex
q059,0.455,187.75250006001443,simple
q060,0.6549,192.3241000622511,complex
q061,0.594,195.74840005952865,complex
q062,0.5972,195.38859999738634,complex
q063,0.6066,196.48369995411485,complex
q064,0.7981,197.99909996800125,complex
q065,0.5827,195.8812999073416,complex
q066,0.6773,196.9511000206694,complex
q067,0.7848,194.52320004347712,complex
q068,0.61,197.6023999741301,complex
q069,0.7505,194.9272999772802,complex
q070,0.5875,191.52960006613284,complex
q071,0.5174,196.65789999999106,complex
q072,0.5315,198.6250999616459,complex
q073,0.6899,195.93789998907596,complex
q074,0.52,198.1554999947548,complex
q075,0.4678,197.44410004932433,simple
q076,0.2948,194.43329994101077,simple
q077,0.625,196.45560008939356,complex
q078,0.7798,195.11219998821616,complex
q079,0.5161,195.6658000126481,complex
q080,0.351,193.50609998218715,simple
q081,0.6768,194.29699995089322,complex
q082,0.5465,196.8697999836877,complex
q083,0.6434,195.52990002557635,complex
q084,0.5857,193.1281000142917,complex
q085,0.4903,199.06180002726614,simple
q086,0.5159,193.66360001731664,complex
q087,0.5914,194.5490000071004,complex
q088,0.6891,192.61439994443208,complex
q089,0.5934,194.6967999683693,complex
q090,0.5737,198.0057000182569,complex
q091,0.7213,198.61820002552122,complex
q092,0.674,244.48690004646778,complex
q093,0.6665,260.55279991123825,complex
q094,0.7414,192.6868000300601,complex
q095,0.7337,193.21410008706152,complex
q096,0.7142,193.41790000908077,complex
q097,0.7912,194.37079993076622,complex
q098,0.6701,193.9089000225067,complex
q099,0.6432,192.38219992257655,complex
q100,0.5827,249.70329995267093,complex
