id,query,label,laya_score,laya_ms,llm_router_label,llm_router_parse_failed,strong_cost,strong_in,strong_out,strong_ms,strong_quality,strong_answer,strong_chunks,strong_system_hash,strong_user_hash,cheap_cost,cheap_in,cheap_out,cheap_ms,cheap_quality,cheap_answer,cheap_chunks,cheap_system_hash,cheap_user_hash,type
q075,"Sending a plant to my sister as a gift. will she see what I paid, and can I add a message?",complex,0.4678,197.44410004932436,simple,False,0.003684,1587,51,1288,5,"No, she won't see what you paid. Prices are never printed on gift packing slips. You can also add a free printed gift note of up to 200 characters to your order.","[""s1"", ""s3"", ""s7""]",8cd8a8c614b7,c8a545fa7c9e,0.001627,1162,93,1902,5,"Great question! Here's what happens with gift orders:

**Price:** No—prices are never printed on gift packing slips, so your sister won't see what you paid.

**Message:** Yes! You can add a free printed gift note with up to 200 characters, so you can include a personal message with the plant.

Just make sure to select the gift option when placing your order on the website or app.","[""s1"", ""s3"", ""s7""]",8cd8a8c614b7,c8a545fa7c9e,complex_to_cheap
q076,I'm a Plus member placing a $60 order with express. What will shipping cost?,complex,0.2948,194.4332999410108,simple,False,0.004978,1559,186,2181,5,"Express shipping is **$14.95** for your order. Express is never free, including for Leafy Plus members, so your membership doesn't reduce that cost. The Plus free shipping benefit applies only to Standard shipping.

Express delivery is next business day in Zone 1 and 2 business days in Zone 2. It isn't available for Zone 3 addresses (over 1,000 miles from the nearest greenhouse, or remote and island addresses).

If your order includes an XL plant (usually over 4 ft), it adds a $20 handling fee and ships Standard only.","[""s2"", ""s3"", ""s7""]",a4687b610bfc,9f0cb5ce39b1,0.001457,1132,65,1327,3,"Express shipping will cost **$14.95**.

Leafy Plus gives you free *Standard* shipping with no minimum order, but Express shipping is never free—even for Plus members. Your $60 order doesn't qualify for free Standard shipping anyway since it's under the $75 threshold.","[""s2"", ""s3"", ""s7""]",a4687b610bfc,9f0cb5ce39b1,complex_to_cheap
q085,I want to delete my account but I'm on the plant club. what happens to that?,complex,0.4903,199.06180002726612,complex,False,0.008188,1484,522,4595,3,"Deleting your account cancels your Plant Club subscription, but deletion can take up to 30 days to complete. The policy doesn't say exactly when the cancellation takes effect within that window, so I'd cancel the subscription yourself first under ""Account"" > ""Subscriptions"". Plant Club is charged on the 25th for the following month's box, so cancelling before October 25 stops the November box from being billed.

Cancelling has no fee, but a box that's already been billed isn't refunded and still ships. If you've been billed for October's box, expect it to arrive in the first full week of October.

You can start the deletion under ""Account"" > ""Privacy"". You can also download your data there first if you want a copy.","[""s1"", ""s7"", ""s8""]",1629bf54cd35,8643b2ee39fc,0.001989,1079,182,2903,3,"When you delete your account, your Plant Club subscription will be **cancelled automatically**. 

Here's what you need to know:

- Account deletion takes up to **30 days** to complete.
- Any Plant Club box that's already been charged (typically on the 25th of the previous month) will still be sent to you during that 30-day window, even though the subscription is cancelled.
- You can delete your account anytime from ""Account"" > ""Privacy"" — there's no cancellation fee or minimum term.

If you'd prefer to cancel just the Plant Club subscription *before* deleting your full account, you can skip that from ""Account"" > ""Subscriptions"" anytime, and it takes effect before the 25th if you do it before that date.

Is there anything else I can help with?","[""s1"", ""s7"", ""s8""]",1629bf54cd35,8643b2ee39fc,complex_to_cheap
q003,Do you ship internationally?,simple,0.5536,190.3041999321431,simple,False,0.003596,1433,73,1787,5,"No, we don't offer international shipping. Leafy ships only within our domestic delivery zones, and live plants can't be sent to PO boxes. If you have an address in mind, I can go over the delivery times that would apply to it.","[""s1"", ""s3"", ""s5""]",a2a6970cc83f,37c89923439d,0.001307,1042,53,1254,4,"No, we don't ship internationally. Leafy ships within the US only.

If you're outside the US, I'd recommend checking if there's a local plant retailer in your area. Is there anything else I can help with?","[""s1"", ""s3"", ""s5""]",a2a6970cc83f,37c89923439d,simple_to_strong
q005,How long does the plant care guarantee last?,simple,0.5932,191.37230003252623,simple,False,0.003272,1086,110,1793,5,"Every live plant has a **30-day guarantee** from the delivery date. Leafy Plus members get **90 days** on plants ordered while their membership is active.

To make a claim, go to ""My Orders"" within that window and upload at least two photos (the whole plant and a close-up). A Plant Care Specialist will review it within 2 business days.","[""s4"", ""s5"", ""s9""]",b9433edffead,05c1674d276e,0.001,770,46,1233,5,"The Plant Care Guarantee lasts **30 days** from delivery for all customers, or **90 days** if you're a Leafy Plus member (on plants ordered while your membership is active).","[""s4"", ""s5"", ""s9""]",b9433edffead,05c1674d276e,simple_to_strong
q006,Can I pay with cash?,simple,0.5531,189.3709000432864,simple,False,0.00405,1620,81,1906,5,"No, we don't accept cash (or cheques or bank transfers). You can pay with credit or debit cards, digital wallets at checkout, or Leafy gift cards. Buy-now-pay-later is also available on orders of $50–$1,000.","[""s1"", ""s6"", ""s8""]",fd267fe32be4,7d721754db57,0.001558,1178,76,1715,5,"No, Leafy doesn't accept cash payments. We accept:

- Credit and debit cards
- Digital wallets at checkout
- Leafy gift cards

Buy-now-pay-later is also available for orders between $50–$1,000. You can place your order on our website or app using any of these methods.","[""s1"", ""s6"", ""s8""]",fd267fe32be4,7d721754db57,simple_to_strong
q008,when r u open for chat,simple,0.5822,191.11269991844893,simple,False,0.004354,1627,110,2007,5,"Our chat is open **8am–8pm, Monday to Saturday**, in your local time. If you'd like to talk to a Plant Care Specialist, their chat hours are **9am–5pm, Monday to Friday**.

You can also email help@leafy.example any time and expect a reply within 1 business day. We don't offer phone support.","[""s1"", ""s3"", ""s8""]",da9acb5227cb,af5d577abd17,0.001522,1187,67,1527,5,"Hi! Our **chat support is open 8am–8pm Monday to Saturday** (your local time).

If you need help outside those hours, you can email us at **help@leafy.example** and we'll reply within 1 business day. 

What can I help with?","[""s1"", ""s3"", ""s8""]",da9acb5227cb,af5d577abd17,simple_to_strong
q009,do u have a phone number i can call,simple,0.5551,192.2595000360161,simple,False,0.00448,1630,122,2025,5,"We don't offer phone support, but there are other ways to reach us:

- **Chat:** 8am-8pm Mon-Sat (your local time)
- **Email:** help@leafy.example, answered within 1 business day
- **Plant Care Specialists:** chat only, 9am-5pm Mon-Fri (your local time)

Is there something I can help you with right now?","[""s1"", ""s3"", ""s8""]",da9acb5227cb,a3cc6e40fffe,0.001655,1190,93,1593,5,"We don't have phone support, I'm afraid. Here's how to reach us instead:

- **Chat:** 8am–8pm Mon–Sat (your local time)
- **Email:** help@leafy.example (answered within 1 business day)
- **Plant Care Specialists:** chat 9am–5pm Mon–Fri for plant advice

What can I help you with today?","[""s1"", ""s3"", ""s8""]",da9acb5227cb,a3cc6e40fffe,simple_to_strong
q010,What's your support email address?,simple,0.5189,192.06689996644852,simple,False,0.00335,1335,68,2056,5,"Our support email is **help@leafy.example**, and we answer within 1 business day. If you'd rather chat, we're available 8am-8pm Mon-Sat (your local time). We don't offer phone support.","[""s1"", ""s5"", ""s8""]",29d31226dbc6,f132bcff6e7a,0.001407,967,88,1577,5,"Our support email is **help@leafy.example** – we'll answer within 1 business day.

You can also reach us via **chat 8am–8pm Mon–Sat** (your local time), or speak with a Plant Care Specialist in chat **9am–5pm Mon–Fri**. We don't have phone support.

How can I help you today?","[""s1"", ""s5"", ""s8""]",29d31226dbc6,f132bcff6e7a,simple_to_strong
q013,What days of the week do you ship live plants?,simple,0.5842,197.4715000251308,simple,False,0.004128,1379,137,2233,5,"Live plants ship **Monday through Wednesday only**. Plant orders placed after 12 noon on Wednesday ship the following Monday. Non-living items ship Monday–Friday, but if your order mixes plants with other items, it all ships together on a plant day.

Also, if the forecast for transit is below 35°F or above 95°F, live plants may be held for up to 7 days, and we'll email you if that happens.","[""s3"", ""s7"", ""s9""]",44592b0c01bf,6739bcab6db8,0.001179,999,36,1233,5,"Live plants ship **Monday–Wednesday only**. 

If you place an order after 12 noon on Wednesday, it will ship the following Monday instead.","[""s3"", ""s7"", ""s9""]",44592b0c01bf,6739bcab6db8,simple_to_strong
q015,is monstera safe for pets,simple,0.7378,191.4182999171317,simple,False,0.003604,1082,144,3272,5,"No, monstera is not pet-safe according to our plant safety guidance, so it's best to keep it out of reach of pets. If your pet may have chewed or eaten any of it, contact a vet or poison control right away.

If you'd like a pet-friendly option, our pet-safe plants are calathea, spider plant, parlour palm, Boston fern, and peperomia. A Plant Care Specialist can also give you free advice by chat or email.","[""s4"", ""s5"", ""s9""]",b9433edffead,bb615769e859,0.001167,767,80,1589,4,"No, **monstera is not pet-safe**. It's toxic to pets, so keep it away from cats, dogs, and other animals.

If your pet has eaten monstera, contact your vet or poison control right away. For plant care advice on keeping yours healthy, feel free to reach out to a Plant Care Specialist via chat or email anytime.","[""s4"", ""s5"", ""s9""]",b9433edffead,bb615769e859,simple_to_strong
q016,Is a spider plant ok to have around my cats?,simple,0.6067,192.7012999076396,simple,False,0.003952,1381,119,2004,5,"Yes, according to our plant safety list, spider plants are pet-safe, so they're fine to have around your cats.

If you're choosing other plants too, note that monstera, pothos, peace lily, snake plant, ZZ plant, and fiddle leaf fig are not pet-safe. If your cat ever chews on one of those, contact a vet or poison control first.","[""s3"", ""s4"", ""s9""]",44479f7f1103,f9e27cb6a9dc,0.001443,993,90,1977,4,"Yes, spider plants are **pet-safe** and safe to have around cats. You don't need to worry about toxicity.

However, keep in mind that cats sometimes enjoy playing with or chewing on spider plant leaves (they're attracted to the dangling foliage), so while it won't poison them, you may want to place it somewhere they can't easily reach if you want to protect the plant itself.","[""s3"", ""s4"", ""s9""]",44479f7f1103,f9e27cb6a9dc,simple_to_strong
q018,Can I use two promo codes on one order?,simple,0.5169,191.56720000319183,simple,False,0.003886,1478,93,1869,5,"No, only one promo code can be used per order. Codes also can't be added after an order has been placed, so you'd need to enter your chosen code at checkout. If you're a Leafy Plus member, a promo code can't be combined with member pricing on the same item, but the better discount is applied automatically.","[""s1"", ""s2"", ""s6""]",a0ca19f5f9f5,dcc765488cb6,0.001332,1077,51,1242,2,"No, you can only use **one promo code per order**. Promo codes also can't be added after you've placed an order—you'd need to cancel and reorder if you want to apply a different code.","[""s1"", ""s2"", ""s6""]",a0ca19f5f9f5,dcc765488cb6,simple_to_strong
q019,Do Leafy gift cards expire?,simple,0.5857,187.9588000010699,simple,False,0.003706,1478,75,1543,5,"No, Leafy gift cards never expire. They're available in amounts from $25 to $500, and they can't be refunded for cash. If you've lost a gift card code, we can reissue it if the purchaser provides the gift card order number.","[""s1"", ""s2"", ""s6""]",a0ca19f5f9f5,cac517aee335,0.001219,1074,29,1012,5,"No, Leafy gift cards never expire. They're valid indefinitely and can be used anytime at Leafy.","[""s1"", ""s2"", ""s6""]",a0ca19f5f9f5,cac517aee335,simple_to_strong
q020,how many days do i have to report a damaged plant,simple,0.608,190.46109996270388,simple,False,0.005588,1254,308,3134,5,"If the plant arrived damaged (snapped main stem, exposed roots, cracked pot, or dead or severely wilted), you need to report it within **48 hours** of delivery, with photos of the plant and the box. We'll then send a free replacement on the next plant shipping day, or refund you.

After 48 hours, the issue goes through the Plant Care Guarantee instead. You have **30 days** from delivery (**90 days** for Leafy Plus members) to make a claim from ""My Orders"" with at least two photos (whole plant plus a close-up). A Plant Care Specialist reviews it within 2 business days.","[""s2"", ""s4"", ""s5""]",6a610cc0b5ba,f75010d9e621,0.001257,897,72,1349,5,"You have **48 hours** from delivery to report a damaged plant. Include photos of the item and the box when you report it.

After 48 hours, plant issues go through the Plant Care Guarantee instead (which gives you 30 days, or 90 days if you're a Leafy Plus member).","[""s2"", ""s4"", ""s5""]",6a610cc0b5ba,f75010d9e621,simple_to_strong
q022,Can you send live plants to a PO box?,simple,0.5548,189.96609991882,simple,False,0.00411,1570,97,2290,5,"No, live plants can't be shipped to PO boxes. PO boxes are only accepted for non-living items, so for plants you'll need to provide a street address where the package can be received (such as a home, workplace, or other physical address).

If you have a mixed order, the plants would still need a non-PO-box address.","[""s1"", ""s3"", ""s7""]",8cd8a8c614b7,81896df138a3,0.001383,1148,47,1233,4,"No, live plants cannot be shipped to PO boxes. We can only send live plants to physical addresses. However, non-living items (like pots and accessories) can go to PO boxes if needed.","[""s1"", ""s3"", ""s7""]",8cd8a8c614b7,81896df138a3,simple_to_strong
q024,is express available for island addresses,simple,0.6977,186.62779999431223,simple,False,0.00476,1715,133,2096,5,"No, express shipping isn't available for island addresses. Island and remote addresses fall under Zone 3, which is Standard only and takes 5-8 business days. Standard costs $7.95, or is free on orders of $75 or more (after discounts, before tax).

Keep in mind that live plants only ship Monday to Wednesday, and XL plants (usually over 4 ft) add a $20 handling fee.","[""s1"", ""s3"", ""s6""]",dfa552a103ea,0ac56da8a3e8,0.001585,1255,66,1668,5,"No, Express shipping is **not available** for island addresses. 

Island addresses fall into **Zone 3** (over 1,000 miles), which only offers **Standard shipping (5–8 business days)** at $7.95, or free on orders of $75+.","[""s1"", ""s3"", ""s6""]",dfa552a103ea,0ac56da8a3e8,simple_to_strong
q025,whats the fee for a change of mind return,simple,0.5097,189.7785000037402,simple,False,0.003986,1253,148,1747,5,"A change-of-mind return costs a flat **$6.95**, deducted from your refund. It's free if you're a Leafy Plus member.

Note that this only applies to non-living items (pots, tools, unopened soil, etc.) returned within **30 days** of delivery, unused and in original packaging. Live plants can't be returned for change of mind. Also, the prepaid label emailed to you expires after **7 days**, so drop off the parcel within that window.","[""s2"", ""s5"", ""s7""]",af52891f9499,ebf317f97f4e,0.001387,902,97,1780,5,"The change-of-mind return fee is **$6.95**, which is deducted from your refund. However, if you're a **Leafy Plus member**, change-of-mind returns are **free**. This applies to non-living items (pots, tools, soil, etc.) returned within **30 days** of delivery in unused, original packaging. Note: live plants can't be returned for change of mind.","[""s2"", ""s5"", ""s7""]",af52891f9499,ebf317f97f4e,simple_to_strong
q026,Do you do exchanges?,simple,0.5717,188.57199989724904,simple,False,0.005936,1483,297,2911,5,"We don't do direct exchanges. Instead, you return the item and place a new order for the one you want.

A few things to know:
- **Non-living items** (pots, tools, soil, fertiliser, grow lights, accessories) can be returned within **30 days** of delivery, unused and in original packaging. Start the return from ""My Orders"" and a prepaid label will be emailed. Drop the parcel off within **7 days** before the label expires.
- **Live plants** can't be returned for change of mind. If there's a problem with a plant, it goes through the Plant Care Guarantee or Damaged on Arrival process.
- Change-of-mind returns cost a flat **$6.95** (free for Leafy Plus members), deducted from your refund. Faulty or incorrect items return free.
- Refunds are issued within **5 business days** of the return reaching our warehouse.

Is there a specific item you're looking to swap?","[""s1"", ""s2"", ""s3""]",12239a7e6658,9059ff1d2685,0.00172,1080,128,1787,5,"No, we don't do direct exchanges. Here's what to do instead:

1. **Return** the item from ""My Orders"" (we'll email you a prepaid label).
2. **Place a new order** for what you'd like instead.

For non-living items, returns are free if it's our error, or $6.95 if it's change of mind (free for Leafy Plus members). Live plants can't be returned for change of mind—they go through our Plant Care Guarantee if there's a problem.

What are you looking to exchange?","[""s1"", ""s2"", ""s3""]",12239a7e6658,9059ff1d2685,simple_to_strong
q028,can i pause my plant subscription,simple,0.6079,197.24580005276948,simple,False,0.003882,1216,145,2481,4,"Yes, you can pause your Plant Club subscription for up to 3 months. Go to ""Account"" > ""Subscriptions"" and choose pause. There's no cancellation fee or minimum term.

Timing matters: if you pause before the 25th, it affects your next box. If you pause on or after the 25th, it applies to the following month's box. Since the 25th is when the next month's box is billed, an already-billed box is still sent and isn't refunded.","[""s4"", ""s7"", ""s9""]",aa79ffc262bc,ba79d010420c,0.001332,867,93,1496,4,"Yes, you can pause your Plant Club subscription for up to 3 months. Go to **Account > Subscriptions** and select pause. If you make the change before the **25th** of the month, it affects next month's box; if you change on or after the 25th, it applies to the following month's box. You can resume whenever you're ready—there's no cancellation fee or minimum term.","[""s4"", ""s7"", ""s9""]",aa79ffc262bc,ba79d010420c,simple_to_strong
q032,How quickly is a Plant Care Guarantee claim reviewed?,simple,0.7579,194.0623000264168,simple,False,0.003526,1263,100,1638,5,"A Plant Care Specialist reviews Plant Care Guarantee claims within **2 business days**. To start one, submit it from ""My Orders"" within your guarantee window (30 days from delivery, or 90 days for Leafy Plus members) with at least two photos: one of the whole plant and one close-up.","[""s2"", ""s4"", ""s5""]",6a610cc0b5ba,6dc954b986a4,0.001032,897,27,930,5,A Plant Care Guarantee claim is reviewed by a Plant Care Specialist within **2 business days** of submission.,"[""s2"", ""s4"", ""s5""]",6a610cc0b5ba,6dc954b986a4,simple_to_strong
q033,How many photos do I need for a guarantee claim?,simple,0.6108,193.8341000350192,simple,False,0.003818,1339,114,2268,5,"You need at least **two photos**: one of the whole plant and one close-up. Submit the claim from ""My Orders"" within your guarantee window (30 days from delivery, or 90 days for Leafy Plus members on plants ordered while the membership is active). A Plant Care Specialist will review it within **2 business days**, and you don't need to send the plant back.","[""s4"", ""s5"", ""s7""]",e92051bed90d,302a57116901,0.001259,959,60,1498,5,"You need **at least two photos** for a Plant Care Guarantee claim: one of the whole plant and one close-up. Submit them from ""My Orders"" within your guarantee window (30 days for standard customers, 90 days for Leafy Plus members).","[""s4"", ""s5"", ""s7""]",e92051bed90d,302a57116901,simple_to_strong
q035,do plants come in a nice decorative pot,simple,0.5939,190.0643000844866,simple,False,0.003332,1161,101,1968,5,"Not by default. Plants ship in plastic nursery pots with drainage holes, and decorative pots are sold separately. The exception is a listing that says ""potted,"" so check the individual plant's listing for that wording.

I don't have details on specific decorative pot options or prices, but I can escalate if you'd like more information.","[""s1"", ""s7"", ""s9""]",a4fe7c082a78,36bb40f52893,0.001168,838,66,1583,5,"Not automatically—plants ship in **plastic nursery pots with drainage holes** unless the product listing specifically says ""potted"". 

Decorative pots are sold separately, so you can pick one that matches your style and home! Would you like help finding a pot to fit a specific plant size?","[""s1"", ""s7"", ""s9""]",a4fe7c082a78,36bb40f52893,simple_to_strong
q036,"My tracking link shows nothing yet, how long until it updates?",simple,0.5924,191.8676000786945,simple,False,0.004678,1494,169,2614,5,"Tracking is emailed when your order ships, and it can take up to **24 hours** to update after that, so it's worth checking again within a day.

If the tracking still hasn't moved after **4 business days**, contact us and we'll open a courier investigation (up to **5 business days**). If the parcel turns out to be lost, you can choose a free replacement or a full refund.

One note: live plants only ship Monday to Wednesday, so if you ordered after 12 noon Wednesday, your order won't ship until the following Monday.","[""s1"", ""s2"", ""s3""]",12239a7e6658,488b743c8777,0.001428,1088,68,1649,5,"Tracking can take up to **24 hours** to update after shipping, so check back tomorrow if it hasn't appeared yet.

If the tracking still hasn't moved after **4 business days**, or shows delivered but the package hasn't arrived, let me know and we'll open a courier investigation for you.","[""s1"", ""s2"", ""s3""]",12239a7e6658,488b743c8777,simple_to_strong
q038,"If I take store credit instead, how fast do I get it?",simple,0.5885,192.0731000136584,simple,False,0.004218,1564,109,2021,5,"Store credit is issued **instantly** and never expires. That's much faster than the alternatives: refunds to a card take 5-10 business days, and to a digital wallet 3-5 business days.

One thing to keep in mind: if you choose store credit, it's Leafy credit only, whereas a standard refund goes back to your original payment method.","[""s1"", ""s4"", ""s6""]",1cc817e06aa1,4959ca27a646,0.001366,1136,46,1230,5,"Store credit is issued **instantly** and never expires, so you can use it right away on your next order.

Is there a refund you're waiting on, or would you like help with something else?","[""s1"", ""s4"", ""s6""]",1cc817e06aa1,4959ca27a646,simple_to_strong
q039,how long is a return label good for,simple,0.6639,196.90039998386052,simple,False,0.003126,1248,63,2165,5,"Return labels are good for **7 days** from when the prepaid label is emailed to you, so you'll need to drop the parcel off within that window. You can start a return from ""My Orders"" to get the label.","[""s2"", ""s4"", ""s5""]",6a610cc0b5ba,dafb7e9d4a2c,0.001139,894,49,1265,5,"A return label is valid for **7 days** after it's emailed to you, so you need to drop off your parcel within that 7-day window. After 7 days, the label expires.","[""s2"", ""s4"", ""s5""]",6a610cc0b5ba,dafb7e9d4a2c,simple_to_strong
q040,what do your order numbers look like,simple,0.6548,193.99449997581544,simple,False,0.004012,1716,58,2584,5,"Our order numbers start with `LF-` followed by six digits, for example LF-204518. You'll find yours in your order confirmation email and under ""My Orders"" on the website or app.","[""s1"", ""s3"", ""s6""]",dfa552a103ea,19acab38eb8b,0.001506,1256,50,1688,5,"Leafy order numbers look like `LF-` followed by six digits—for example, **LF-204518**.

You can find your order number in your ""My Orders"" section on the website or app.","[""s1"", ""s3"", ""s6""]",dfa552a103ea,19acab38eb8b,simple_to_strong
q041,Does Leafy Plus give free express shipping?,simple,0.5077,191.5832000086084,simple,False,0.004536,1573,139,2556,5,"No, Leafy Plus doesn't include free Express shipping. Members get free Standard shipping with no minimum order, but Express is always $14.95, including for Leafy Plus members.

Express delivery times depend on your zone: next business day in Zone 1 (under 300 miles from the nearest greenhouse) and 2 business days in Zone 2 (300-1,000 miles). Express isn't available in Zone 3.","[""s1"", ""s3"", ""s7""]",8cd8a8c614b7,8fc8238c410c,0.001452,1147,61,1235,5,"No, Leafy Plus does **not** include free Express shipping. 

Leafy Plus ($59/year) gives you free **Standard** shipping with no minimum order, but Express shipping ($14.95) is never free—even for Leafy Plus members.","[""s1"", ""s3"", ""s7""]",8cd8a8c614b7,8fc8238c410c,simple_to_strong
q042,Can I pay by bank transfer?,simple,0.5302,194.98609995935112,simple,False,0.003784,1477,83,1878,5,"No, we don't accept bank transfers (or cash or cheques). You can pay with a credit or debit card, a digital wallet at checkout, or a Leafy gift card. Buy-now-pay-later is also available on orders between $50 and $1,000.","[""s1"", ""s2"", ""s6""]",a0ca19f5f9f5,0847e3fdf152,0.001368,1073,59,1291,5,"No, bank transfers aren't accepted. We take **credit and debit cards, digital wallets at checkout, and Leafy gift cards**. Buy-now-pay-later is also available for orders between $50–$1,000 if that helps.","[""s1"", ""s2"", ""s6""]",a0ca19f5f9f5,0847e3fdf152,simple_to_strong
q043,What hours are the plant care specialists available?,simple,0.6801,190.43069996405396,simple,False,0.004252,1691,87,2126,5,"Plant Care Specialists are available by chat 9am–5pm Monday–Friday, in your local time. You can also email help@leafy.example and expect a reply within 1 business day. Care advice from the specialists is free, and you don't need to have placed an order to ask.","[""s3"", ""s4"", ""s8""]",0856ba5319f1,fe82866af101,0.001562,1222,68,1362,5,"Plant Care Specialists are available by chat **9am–5pm Monday–Friday** in your local time zone.

For other hours, you can reach general support by chat **8am–8pm Monday–Saturday**, or email **help@leafy.example** (answered within 1 business day).","[""s3"", ""s4"", ""s8""]",0856ba5319f1,fe82866af101,simple_to_strong
q044,Can you change the email on my account for me over chat?,simple,0.6222,193.3451999211684,complex,False,0.003772,1476,82,1934,5,"I'm sorry, but support can't change an account email over chat. You can update it yourself after logging in to your account. If you can't log in, or you think someone else may have accessed your account, reset your password right away and let me know so I can escalate it to a Support Lead.","[""s1"", ""s7"", ""s8""]",1629bf54cd35,2bf71918f4c2,0.001468,1073,79,1332,2,"I can't change your account email over chat, but you can do it yourself easily! Just log into your Leafy account, go to ""Account"" > ""Privacy"", and update your email there.

If you're having trouble logging in or think someone else may have accessed your account, let me know right away so I can escalate that to a Support Lead.","[""s1"", ""s7"", ""s8""]",1629bf54cd35,2bf71918f4c2,simple_to_strong
q045,how long does it take to delete my account,simple,0.6457,191.53000006917864,simple,False,0.004142,1621,90,1624,5,"Account deletion takes up to **30 days** once you request it. You can start it yourself under ""Account"" > ""Privacy"" after logging in. Deleting your account also cancels any subscriptions you have.

If you'd like to download your data first, that's available in the same ""Privacy"" section.","[""s1"", ""s6"", ""s8""]",fd267fe32be4,b7188af3574d,0.001641,1181,92,1654,5,"Account deletion takes **up to 30 days** to complete. The deletion will also cancel any active subscriptions you have.

You can start the process yourself under **Account > Privacy** in your Leafy account. If you have any questions during the process, feel free to reach out to us at help@leafy.example or chat with us **8am–8pm Mon–Sat** (your local time).","[""s1"", ""s6"", ""s8""]",fd267fe32be4,b7188af3574d,simple_to_strong
q046,is a peace lily toxic to dogs?,simple,0.708,192.83429998904467,simple,False,0.004702,1161,238,3124,5,"Yes, the peace lily is on our not pet-safe list, so it isn't a good choice if your dog might chew on it. Our policy doesn't go into symptoms or severity. If your dog has eaten any part of one, contact a vet or poison control right away.

If you want pet-safe alternatives, we carry calathea, spider plant, parlour palm, Boston fern and peperomia. A Plant Care Specialist can also give you free advice by chat or email.","[""s1"", ""s4"", ""s9""]",44af2992a8a8,cee6b44e132b,0.001321,831,98,1777,3,"Yes, peace lilies are **not pet-safe** and are toxic to dogs. If your dog has eaten part of a peace lily, please contact your veterinarian or poison control right away—they can advise on next steps based on how much was ingested.

If you're looking for a pet-safe alternative, we carry several options like spider plants, calathea, parlour palms, Boston ferns, and peperomia.","[""s1"", ""s4"", ""s9""]",44af2992a8a8,cee6b44e132b,simple_to_strong
q047,Whats the minimum age to have an account,simple,0.5082,192.65920005273077,simple,False,0.003396,1473,45,1509,5,"You need to be **18 or older** to hold a Leafy account. If you have any other questions about accounts or orders, I'm happy to help.","[""s1"", ""s7"", ""s8""]",1629bf54cd35,16ed8f0fb5d9,0.00117,1070,20,1541,5,The minimum age to hold a Leafy account is **18 years old**.,"[""s1"", ""s7"", ""s8""]",1629bf54cd35,16ed8f0fb5d9,simple_to_strong
q048,how long is the plant guarantee for plus members,simple,0.6952,193.9558999147266,simple,False,0.003964,1387,119,1795,5,"Leafy Plus members get a **90-day** Plant Care Guarantee, counted from delivery. It applies to plants ordered while the membership is active (the standard guarantee is 30 days).

To claim, go to ""My Orders"" within that window and upload at least two photos (whole plant and a close-up). A Plant Care Specialist will review it within 2 business days.","[""s2"", ""s4"", ""s7""]",785d00bc39d8,c23869e0bc49,0.00121,995,43,1053,5,"For Leafy Plus members, the plant guarantee is **90 days** from delivery (compared to 30 days for regular customers). This applies to plants ordered while the membership is active.","[""s2"", ""s4"", ""s7""]",785d00bc39d8,c23869e0bc49,simple_to_strong
q049,What values do gift cards come in?,simple,0.5072,193.52829991839823,simple,False,0.00363,1475,68,1586,5,"Leafy gift cards come in values from **$25 to $500**. They never expire, and they can't be refunded for cash. If a code is lost, we can reissue it when the purchaser provides the gift card order number.","[""s1"", ""s2"", ""s6""]",a0ca19f5f9f5,b1a29d5ad8ee,0.001354,1074,56,1155,5,"Leafy gift cards come in denominations of **$25–$500**. They never expire and aren't refundable for cash. If a gift card code is lost, we can reissue it if you provide the gift card order number.","[""s1"", ""s2"", ""s6""]",a0ca19f5f9f5,b1a29d5ad8ee,simple_to_strong
q051,Can I get a heat pack with my winter order?,simple,0.5533,197.95329996850344,simple,False,0.004692,1571,155,2332,5,"Yes, a free heat pack can be added at checkout in winter. Our policy doesn't specify which dates count as ""winter"" or how it's added beyond that, so I'd check the checkout page when you order.

Also, if transit forecasts are below 35°F, live plants may be held up to 7 days and we'll email you. If you waive the hold by replying, the Plant Care Guarantee won't cover cold or heat damage in transit, so a heat pack alone doesn't change that.","[""s1"", ""s3"", ""s4""]",810a6048665d,14a3e6be0b7c,0.001507,1142,73,1922,4,"Yes! You can add a free heat pack at checkout during winter to help protect your plants during cold-weather transit. Just select it when placing your order on the website or app.

This is especially helpful if you're in a colder zone or expecting freezing temperatures during shipping. Is there anything else I can help with for your order?","[""s1"", ""s3"", ""s4""]",810a6048665d,14a3e6be0b7c,simple_to_strong
q052,after you get my return how long till I'm refunded,simple,0.632,191.07340008486065,simple,False,0.003706,1328,105,2126,5,"Refunds are issued within **5 business days** of your return reaching our warehouse, to your original payment method. Original shipping is only refunded if the whole order is returned because of our error.

If you haven't started your return yet, do it from ""My Orders"" and drop off the parcel within 7 days, since the prepaid label expires after that.","[""s1"", ""s2"", ""s4""]",58058707a854,e4a065dca2bc,0.00128,960,64,1341,5,"After your return reaches our warehouse, you'll get a refund within **5 business days**, sent to your original payment method.

(Just make sure to drop off your parcel within **7 days** of receiving the prepaid return label, so it arrives at the warehouse on time.)","[""s1"", ""s2"", ""s4""]",58058707a854,e4a065dca2bc,simple_to_strong
q055,"Forgot to add my promo code, can I add it now that the order is placed?",simple,0.5108,193.79699998535216,simple,False,0.00654,1730,308,3250,5,"Unfortunately, promo codes can't be added after an order is placed. If you're still within 2 hours of ordering, you can cancel the order for free from ""My Orders"" and place a new one with your code. After 2 hours the order is in the packing queue and can't be changed online. Support can try to intercept it before it ships, but that isn't guaranteed.

Is it within the 2-hour window, or would you like me to escalate to see if support can intercept it?","[""s1"", ""s3"", ""s6""]",dfa552a103ea,b0bae39b39c4,0.001819,1269,110,2011,3,"No, promo codes can't be added after an order is placed—they need to be applied at checkout.

However, if your order hasn't shipped yet, you have two options:
1. **Cancel and reorder** (free within 2 hours of placing the original order if you're still within that window).
2. **Contact support** to see if we can help, though I can't guarantee a workaround.

What's your order number? That'll help me check the status.","[""s1"", ""s3"", ""s6""]",dfa552a103ea,b0bae39b39c4,simple_to_strong
q056,whats ur price adjustment policy,simple,0.5961,192.2282000305131,simple,False,0.005098,1389,232,3050,1,"I don't have a price adjustment policy in the information I can see, so I can't say whether Leafy refunds the difference when a price drops after you buy. I don't want to guess and give you the wrong answer.

If you have a specific order in mind, send me the order number (it looks like LF-123456) and I can pass it to a Support Lead to review. You can also email help@leafy.example, which is answered within 1 business day.

If you'd rather not keep the item, non-living items can be returned within 30 days of delivery if they're unused and in original packaging.","[""s1"", ""s2"", ""s8""]",c42330656d62,fcf298c25c51,0.001579,1004,115,1965,1,"I don't have a price adjustment policy in my available documentation. 

This could cover scenarios like price drops after purchase, or matching a competitor's price—but I don't have details on either.

I can escalate this to a Support Lead who can help, or you can email **help@leafy.example** (answered within 1 business day) or chat **8am–8pm Mon–Sat** (your local time).

What's your specific situation? That'll help me figure out the best next step.","[""s1"", ""s2"", ""s8""]",c42330656d62,fcf298c25c51,simple_to_strong
q058,what happens if it's freezing where I live when my plant ships,simple,0.7266,192.1961000189185,simple,False,0.005182,1251,268,2672,5,"If the transit forecast is below 35°F, we may hold your plant for up to 7 days, and we'll email you when that happens. You can reply to waive the hold and have it ship anyway. The Plant Care Guarantee still applies then, but cold or heat damage in transit is excluded, and DOA claims for cold damage aren't accepted.

In winter you can also add a free heat pack at checkout.","[""s3"", ""s5"", ""s9""]",2fcf36936c9f,cc26aacfed72,0.001662,902,152,3259,3,"Good question! If freezing temperatures (below 35°F) are forecasted during transit, we'll hold your plant shipment for up to 7 days and email you about it. You can either:

1. **Wait it out** – we'll ship when it's safe, and the Plant Care Guarantee covers any issues (except cold damage in transit).
2. **Waive the hold** – reply to our email and we'll ship anyway, though cold damage in transit won't be covered and DOA claims for cold damage won't be accepted.

You can also add a **free heat pack at checkout** in winter for extra protection. Either way, your plant ships Monday–Wednesday only.","[""s3"", ""s5"", ""s9""]",2fcf36936c9f,cc26aacfed72,simple_to_strong
q060,When do plant club boxes ship?,simple,0.6549,192.3241000622511,simple,False,0.004306,1568,117,1882,5,"Plant Club boxes ship in the **first full week of each month**. Your card is charged on the **25th** of the previous month, so the box for a given month is billed on the 25th of the month before.

If you'd like to skip, pause, change plan or cancel, do it before the 25th so it affects the next box. Changes made on or after the 25th apply to the following month's box.","[""s1"", ""s3"", ""s7""]",8cd8a8c614b7,3bcb85af6101,0.001414,1144,54,1190,5,"Plant Club boxes ship in the **first full week of the month**.

You're charged on the 25th of the previous month, so your box for November would be charged on October 25th and ship in the first full week of November.","[""s1"", ""s3"", ""s7""]",8cd8a8c614b7,3bcb85af6101,simple_to_strong
q077,You emailed me that my fern is out of stock 4 days ago and I never replied. What happens now?,simple,0.625,196.4556000893936,simple,False,0.004592,1096,240,3530,5,"Since you didn't reply within 3 days of our email, the fern should have been automatically refunded. That refund applies only to the out-of-stock item, not the rest of your order. I don't have a specific timeframe for when the refund will reach your original payment method, so I can't promise a date. If you haven't seen a refund confirmation, I can escalate this to a Support Lead to check it for you.","[""s1"", ""s2"", ""s9""]",e804f5c2915f,fdfdc28240e0,0.001273,793,96,1799,2,"Based on our policy, since you didn't reply within **3 days** of the out-of-stock email, an **automatic refund** has been issued for that item to your original payment method.

The refund should appear within **5 business days** of processing. Check your email for confirmation, or let me know your order number (format: LF-xxxxxx) if you'd like me to look into the status.","[""s1"", ""s2"", ""s9""]",e804f5c2915f,fdfdc28240e0,simple_to_strong
q078,I ordered a peperomia but got a pothos instead,simple,0.7798,195.11219998821616,complex,False,0.006688,1164,436,4628,2,"I'm sorry about the mix-up, that's frustrating when you were expecting a peperomia. Our policies don't cover wrong-item deliveries, so I can't promise a specific fix or timeframe, but I can escalate this to a Support Lead. Please send me your order number (it looks like LF-123456) so I can pass it along.

Pothos isn't pet-safe, though peperomia is. If you have pets, keep the plant out of their reach for now. If a pet or person may have eaten any of it, contact a vet, doctor or poison control first.","[""s1"", ""s4"", ""s9""]",44af2992a8a8,877170febec9,0.001561,836,145,2370,2,"I'm sorry you received the wrong plant—that's frustrating. Here's what I can do:

**Immediate steps:**
1. Please confirm your order number (looks like `LF-` plus six digits) so I can investigate.
2. Since pothos is **not pet-safe** and peperomia **is**, this matters especially if you have pets.

**Next:** Once I verify, I can arrange a replacement peperomia sent to you at no cost, or a refund—whichever you prefer. I may also need to escalate this to ensure the error is corrected in our system.

What's your order number?","[""s1"", ""s4"", ""s9""]",44af2992a8a8,877170febec9,simple_to_strong
q081,"my order came in two boxes and I see two charges on my card, is that a mistake",simple,0.6768,194.2969999508932,complex,False,0.00569,1630,243,3351,5,"That's most likely not a mistake. We charge your card when each part of an order ships, so an order sent in two boxes can show one charge per box.

If the two charges add up to more than your order total, or both are for the full amount, it may be a duplicate. In that case, send me your order number and the last four digits of your card (never the full number or security code). Once we confirm a duplicate, it's refunded within 3 business days.","[""s4"", ""s6"", ""s7""]",7a981a850fd1,5f2bdd25c28a,0.001859,1179,136,2298,4,"No, that's not a mistake. When an order ships in several parcels, each parcel shows as a separate charge on your card—so two boxes means two charges. This is normal.

However, if you see a **pending authorisation** still showing alongside the posted charges, that will drop off in **3–7 business days** depending on your bank, and Leafy can't speed that up. If both charges have already posted and you believe one is truly duplicate, let me know your order number and the last four digits of your card, and we can investigate a refund within **3 business days** of confirmation.","[""s4"", ""s6"", ""s7""]",7a981a850fd1,5f2bdd25c28a,simple_to_strong
q083,Can I stack my promo code with my Plus member price on pots?,simple,0.6434,195.52990002557635,simple,False,0.004286,1568,115,2160,5,"No, they can't be stacked on the same item. A promo code can't be combined with Leafy Plus member pricing (10% on pots and accessories), so the better of the two discounts is applied automatically and you don't need to do anything.

Also, only one promo code can be used per order, and codes can't be added after the order is placed, so be sure to enter it at checkout.","[""s1"", ""s6"", ""s7""]",d7e733faac42,2bec56c44401,0.001554,1144,82,1563,5,"No, you can't stack them. According to our policy, only one promo code per order is allowed, and promo codes can't be combined with Leafy Plus member pricing on the same item—whichever discount is better applies automatically.

So on pots, your 10% Plus member discount will be used if it's higher than the promo code discount.","[""s1"", ""s6"", ""s7""]",d7e733faac42,2bec56c44401,simple_to_strong
q084,I bought a gift card for my mom but lost the email with the code,simple,0.5857,193.1281000142917,simple,False,0.004318,1484,135,2146,5,"Good news: lost gift card codes can be reissued. Please send me the **gift card order number** from your purchase (the order that bought the gift card, not a plant order), and we'll reissue the code. Gift cards never expire, so there's no rush on that front.

I don't have a timeframe in the policy for how long the reissue takes, so I can't promise one. If you can't find the order number either, let me know and I can escalate it.","[""s1"", ""s2"", ""s6""]",a0ca19f5f9f5,4ba0476ef113,0.001396,1081,63,1772,4,"I can help you get that sorted! To reissue your gift card code, I'll need the **gift card order number** (it looks like `LF-` plus six digits, e.g. LF-204518).

Do you have that order number handy?","[""s1"", ""s2"", ""s6""]",a0ca19f5f9f5,4ba0476ef113,simple_to_strong
q087,i paid with the pay in instalments option and returned a pot. where does my refund go?,simple,0.5914,194.5490000071004,complex,False,0.006134,1267,360,3865,2,"Our policy says refunds go to the original payment method within **5 business days** of your return reaching our warehouse. Since you paid by instalments, that should mean the refund goes back to that same instalment arrangement. However, I don't have details on how instalment plans are adjusted after a refund (for example, whether it reduces your remaining payments or comes back as a lump sum), so I can't confirm that.

If you returned the pot for change of mind, a flat $6.95 return fee is deducted from the refund unless you're a Leafy Plus member. Would you like me to escalate to a Support Lead to confirm how the instalment refund will be handled?","[""s2"", ""s5"", ""s7""]",af52891f9499,1f534cd66ad9,0.001598,913,137,2045,2,"I don't have details in the policy about how refunds are processed for pay-in-instalments payments specifically. 

Here's what I can confirm: refunds are issued within **5 business days** of your return reaching our warehouse, to the original payment method. For a non-living item like a pot, if it was a change-of-mind return, a **$6.95** fee is deducted (unless you're a Leafy Plus member).

I'd recommend escalating this to a Support Lead to confirm how the refund will be credited to your instalment plan. Can I help with anything else?","[""s2"", ""s5"", ""s7""]",af52891f9499,1f534cd66ad9,simple_to_strong
