router,tau,cost_usd,quality,share_to_haiku
laya_head,0.05,0.190356,4.01,0.93
laya_head,0.1,0.252322,4.17,0.79
laya_head,0.15,0.27007700000000007,4.26,0.75
laya_head,0.2,0.29509900000000006,4.27,0.69
laya_head,0.25,0.313599,4.32,0.65
laya_head,0.3,0.33310700000000004,4.38,0.61
laya_head,0.35,0.33310700000000004,4.38,0.61
laya_head,0.4,0.35631900000000005,4.43,0.54
laya_head,0.45,0.35631900000000005,4.43,0.54
laya_head,0.5,0.370273,4.45,0.5
laya_head,0.55,0.370273,4.45,0.5
laya_head,0.6,0.391863,4.44,0.44
laya_head,0.65,0.407964,4.48,0.39
laya_head,0.7,0.414879,4.54,0.36
laya_head,0.75,0.426125,4.55,0.32
laya_head,0.8,0.442275,4.58,0.27
laya_head,0.85,0.450832,4.6,0.24
laya_head,0.9,0.460608,4.61,0.21
laya_head,0.95,0.476684,4.61,0.15
minilm_head,0.05,0.187173,3.97,0.93
minilm_head,0.1,0.22083600000000003,4.07,0.86
minilm_head,0.15,0.237883,4.13,0.83
minilm_head,0.2,0.24886999999999998,4.2,0.81
minilm_head,0.25,0.268306,4.29,0.77
minilm_head,0.3,0.28109300000000004,4.33,0.74
minilm_head,0.35,0.298221,4.34,0.68
minilm_head,0.4,0.30661900000000003,4.34,0.65
minilm_head,0.45,0.32228300000000004,4.36,0.6
minilm_head,0.5,0.34642900000000004,4.42,0.54
minilm_head,0.55,0.36227400000000004,4.43,0.49
minilm_head,0.6,0.373462,4.46,0.45
minilm_head,0.65,0.383572,4.47,0.43
minilm_head,0.7,0.41875000000000007,4.54,0.34
minilm_head,0.75,0.43115300000000006,4.55,0.3
minilm_head,0.8,0.44730700000000007,4.58,0.25
minilm_head,0.85,0.45607800000000004,4.57,0.22
minilm_head,0.9,0.478424,4.57,0.14
minilm_head,0.95,0.5063,4.63,0.04
length_rule,0.05,0.163282,3.91,0.99
length_rule,0.1,0.17001300000000003,3.94,0.98
length_rule,0.15,0.17001300000000003,3.94,0.98
length_rule,0.2,0.177852,3.94,0.97
length_rule,0.25,0.184685,3.96,0.96
length_rule,0.3,0.194797,3.96,0.94
length_rule,0.35,0.23830700000000002,4.09,0.85
length_rule,0.4,0.27775700000000003,4.19,0.76
length_rule,0.45,0.31589300000000003,4.36,0.68
length_rule,0.5,0.338072,4.4,0.62
length_rule,0.55,0.35077800000000003,4.41,0.58
length_rule,0.6,0.382375,4.48,0.48
length_rule,0.65,0.43529699999999993,4.56,0.3
length_rule,0.7,0.482178,4.61,0.12
length_rule,0.75,0.5147410000000001,4.63,0.01
length_rule,0.8,0.5172280000000001,4.63,0.0
length_rule,0.85,0.5172280000000001,4.63,0.0
length_rule,0.9,0.5172280000000001,4.63,0.0
length_rule,0.95,0.5172280000000001,4.63,0.0
