id,strategy,label,decision,router_in,router_out,router_cost,router_ms,answer_cost,answer_in,answer_out,answer_ms,answer_quality,total_cost,e2e_ms
q001,always_strong,simple,strong,0,0,0.0,0.0,0.005552,1246,306,2914,5,0.005552,2914.0
q002,always_strong,simple,strong,0,0,0.0,0.0,0.00464,1565,151,2534,5,0.00464,2534.0
q003,always_strong,simple,strong,0,0,0.0,0.0,0.003596,1433,73,1787,5,0.003596,1787.0
q004,always_strong,simple,strong,0,0,0.0,0.0,0.004884,1542,180,2834,5,0.004884,2834.0
q005,always_strong,simple,strong,0,0,0.0,0.0,0.003272,1086,110,1793,5,0.003272,1793.0
q006,always_strong,simple,strong,0,0,0.0,0.0,0.00405,1620,81,1906,5,0.00405,1906.0
q007,always_strong,simple,strong,0,0,0.0,0.0,0.004448,1559,133,1769,5,0.004448,1769.0
q008,always_strong,simple,strong,0,0,0.0,0.0,0.004354,1627,110,2007,5,0.004354,2007.0
q009,always_strong,simple,strong,0,0,0.0,0.0,0.00448,1630,122,2025,5,0.00448,2025.0
q010,always_strong,simple,strong,0,0,0.0,0.0,0.00335,1335,68,2056,5,0.00335,2056.0
q011,always_strong,simple,strong,0,0,0.0,0.0,0.00406,1630,80,1489,5,0.00406,1489.0
q012,always_strong,simple,strong,0,0,0.0,0.0,0.0039,1555,79,1528,5,0.0039,1528.0
q013,always_strong,simple,strong,0,0,0.0,0.0,0.004128,1379,137,2233,5,0.004128,2233.0
q014,always_strong,simple,strong,0,0,0.0,0.0,0.004742,1201,234,3152,3,0.004742,3152.0
q015,always_strong,simple,strong,0,0,0.0,0.0,0.003604,1082,144,3272,5,0.003604,3272.0
q016,always_strong,simple,strong,0,0,0.0,0.0,0.003952,1381,119,2004,5,0.003952,2004.0
q017,always_strong,simple,strong,0,0,0.0,0.0,0.004214,1477,126,1830,5,0.004214,1830.0
q018,always_strong,simple,strong,0,0,0.0,0.0,0.003886,1478,93,1869,5,0.003886,1869.0
q019,always_strong,simple,strong,0,0,0.0,0.0,0.003706,1478,75,1543,5,0.003706,1543.0
q020,always_strong,simple,strong,0,0,0.0,0.0,0.005588,1254,308,3134,5,0.005588,3134.0
q021,always_strong,simple,strong,0,0,0.0,0.0,0.00461,1560,149,2632,5,0.00461,2632.0
q022,always_strong,simple,strong,0,0,0.0,0.0,0.00411,1570,97,2290,5,0.00411,2290.0
q023,always_strong,simple,strong,0,0,0.0,0.0,0.004932,1781,137,2079,5,0.004932,2079.0
q024,always_strong,simple,strong,0,0,0.0,0.0,0.00476,1715,133,2096,5,0.00476,2096.0
q025,always_strong,simple,strong,0,0,0.0,0.0,0.003986,1253,148,1747,5,0.003986,1747.0
q026,always_strong,simple,strong,0,0,0.0,0.0,0.005936,1483,297,2911,5,0.005936,2911.0
q027,always_strong,simple,strong,0,0,0.0,0.0,0.004868,1779,131,2473,5,0.004868,2473.0
q028,always_strong,simple,strong,0,0,0.0,0.0,0.003882,1216,145,2481,4,0.003882,2481.0
q029,always_strong,complex,strong,0,0,0.0,0.0,0.005494,1802,189,3137,2,0.005494,3137.0
q030,always_strong,simple,strong,0,0,0.0,0.0,0.00386,1545,77,1762,5,0.00386,1762.0
q031,always_strong,simple,strong,0,0,0.0,0.0,0.003986,1623,74,1647,5,0.003986,1647.0
q032,always_strong,simple,strong,0,0,0.0,0.0,0.003526,1263,100,1638,5,0.003526,1638.0
q033,always_strong,simple,strong,0,0,0.0,0.0,0.003818,1339,114,2268,5,0.003818,2268.0
q034,always_strong,complex,strong,0,0,0.0,0.0,0.007288,1279,473,4919,5,0.007288,4919.0
q035,always_strong,simple,strong,0,0,0.0,0.0,0.003332,1161,101,1968,5,0.003332,1968.0
q036,always_strong,simple,strong,0,0,0.0,0.0,0.004678,1494,169,2614,5,0.004678,2614.0
q037,always_strong,complex,strong,0,0,0.0,0.0,0.006232,1651,293,2998,5,0.006232,2998.0
q038,always_strong,simple,strong,0,0,0.0,0.0,0.004218,1564,109,2021,5,0.004218,2021.0
q039,always_strong,simple,strong,0,0,0.0,0.0,0.003126,1248,63,2165,5,0.003126,2165.0
q040,always_strong,simple,strong,0,0,0.0,0.0,0.004012,1716,58,2584,5,0.004012,2584.0
q041,always_strong,simple,strong,0,0,0.0,0.0,0.004536,1573,139,2556,5,0.004536,2556.0
q042,always_strong,simple,strong,0,0,0.0,0.0,0.003784,1477,83,1878,5,0.003784,1878.0
q043,always_strong,simple,strong,0,0,0.0,0.0,0.004252,1691,87,2126,5,0.004252,2126.0
q044,always_strong,simple,strong,0,0,0.0,0.0,0.003772,1476,82,1934,5,0.003772,1934.0
q045,always_strong,simple,strong,0,0,0.0,0.0,0.004142,1621,90,1624,5,0.004142,1624.0
q046,always_strong,simple,strong,0,0,0.0,0.0,0.004702,1161,238,3124,5,0.004702,3124.0
q047,always_strong,simple,strong,0,0,0.0,0.0,0.003396,1473,45,1509,5,0.003396,1509.0
q048,always_strong,simple,strong,0,0,0.0,0.0,0.003964,1387,119,1795,5,0.003964,1795.0
q049,always_strong,simple,strong,0,0,0.0,0.0,0.00363,1475,68,1586,5,0.00363,1586.0
q050,always_strong,complex,strong,0,0,0.0,0.0,0.004686,1443,180,2315,5,0.004686,2315.0
q051,always_strong,simple,strong,0,0,0.0,0.0,0.004692,1571,155,2332,5,0.004692,2332.0
q052,always_strong,simple,strong,0,0,0.0,0.0,0.003706,1328,105,2126,5,0.003706,2126.0
q053,always_strong,simple,strong,0,0,0.0,0.0,0.003514,1282,95,1607,5,0.003514,1607.0
q054,always_strong,simple,strong,0,0,0.0,0.0,0.004382,1546,129,2171,5,0.004382,2171.0
q055,always_strong,simple,strong,0,0,0.0,0.0,0.00654,1730,308,3250,5,0.00654,3250.0
q056,always_strong,simple,strong,0,0,0.0,0.0,0.005098,1389,232,3050,1,0.005098,3050.0
q057,always_strong,complex,strong,0,0,0.0,0.0,0.009078,1369,634,5686,4,0.009078,5686.0
q058,always_strong,simple,strong,0,0,0.0,0.0,0.005182,1251,268,2672,5,0.005182,2672.0
q059,always_strong,simple,strong,0,0,0.0,0.0,0.003804,1002,180,2251,5,0.003804,2251.0
q060,always_strong,simple,strong,0,0,0.0,0.0,0.004306,1568,117,1882,5,0.004306,1882.0
q061,always_strong,complex,strong,0,0,0.0,0.0,0.005986,1593,280,8931,5,0.005986,8931.0
q062,always_strong,complex,strong,0,0,0.0,0.0,0.004376,1348,168,2430,5,0.004376,2430.0
q063,always_strong,complex,strong,0,0,0.0,0.0,0.007218,1794,363,3538,5,0.007218,3538.0
q064,always_strong,complex,strong,0,0,0.0,0.0,0.004454,1577,130,1842,5,0.004454,1842.0
q065,always_strong,complex,strong,0,0,0.0,0.0,0.007692,1296,510,5322,5,0.007692,5322.0
q066,always_strong,complex,strong,0,0,0.0,0.0,0.00699,1105,478,4057,5,0.00699,4057.0
q067,always_strong,complex,strong,0,0,0.0,0.0,0.005932,1506,292,2753,5,0.005932,2753.0
q068,always_strong,complex,strong,0,0,0.0,0.0,0.00644,1585,327,3318,5,0.00644,3318.0
q069,always_strong,complex,strong,0,0,0.0,0.0,0.004926,1643,164,2725,5,0.004926,2725.0
q070,always_strong,complex,strong,0,0,0.0,0.0,0.005458,1849,176,2175,5,0.005458,2175.0
q071,always_strong,complex,strong,0,0,0.0,0.0,0.004624,1447,173,2581,5,0.004624,2581.0
q072,always_strong,complex,strong,0,0,0.0,0.0,0.006284,1112,406,4290,5,0.006284,4290.0
q073,always_strong,complex,strong,0,0,0.0,0.0,0.007452,1351,475,4060,5,0.007452,4060.0
q074,always_strong,complex,strong,0,0,0.0,0.0,0.004274,1582,111,1583,5,0.004274,1583.0
q075,always_strong,complex,strong,0,0,0.0,0.0,0.003684,1587,51,1288,5,0.003684,1288.0
q076,always_strong,complex,strong,0,0,0.0,0.0,0.004978,1559,186,2181,5,0.004978,2181.0
q077,always_strong,simple,strong,0,0,0.0,0.0,0.004592,1096,240,3530,5,0.004592,3530.0
q078,always_strong,simple,strong,0,0,0.0,0.0,0.006688,1164,436,4628,2,0.006688,4628.0
q079,always_strong,complex,strong,0,0,0.0,0.0,0.003894,1352,119,1953,5,0.003894,1953.0
q080,always_strong,simple,strong,0,0,0.0,0.0,0.003956,1233,149,2097,5,0.003956,2097.0
q081,always_strong,simple,strong,0,0,0.0,0.0,0.00569,1630,243,3351,5,0.00569,3351.0
q082,always_strong,complex,strong,0,0,0.0,0.0,0.006956,1513,393,4529,5,0.006956,4529.0
q083,always_strong,simple,strong,0,0,0.0,0.0,0.004286,1568,115,2160,5,0.004286,2160.0
q084,always_strong,simple,strong,0,0,0.0,0.0,0.004318,1484,135,2146,5,0.004318,2146.0
q085,always_strong,complex,strong,0,0,0.0,0.0,0.008188,1484,522,4595,3,0.008188,4595.0
q086,always_strong,complex,strong,0,0,0.0,0.0,0.008528,1589,535,14524,5,0.008528,14524.0
q087,always_strong,simple,strong,0,0,0.0,0.0,0.006134,1267,360,3865,2,0.006134,3865.0
q088,always_strong,complex,strong,0,0,0.0,0.0,0.004882,1391,210,3106,2,0.004882,3106.0
q089,always_strong,complex,strong,0,0,0.0,0.0,0.005556,1393,277,2963,4,0.005556,2963.0
q090,always_strong,complex,strong,0,0,0.0,0.0,0.006868,1404,406,3799,5,0.006868,3799.0
q091,always_strong,complex,strong,0,0,0.0,0.0,0.010488,1424,764,6355,4,0.010488,6355.0
q092,always_strong,complex,strong,0,0,0.0,0.0,0.009526,1183,716,6177,2,0.009526,6177.0
q093,always_strong,complex,strong,0,0,0.0,0.0,0.0107,1755,719,6408,2,0.0107,6408.0
q094,always_strong,complex,strong,0,0,0.0,0.0,0.007318,1559,420,4530,3,0.007318,4530.0
q095,always_strong,complex,strong,0,0,0.0,0.0,0.005942,1111,372,3974,3,0.005942,3974.0
q096,always_strong,complex,strong,0,0,0.0,0.0,0.009026,1513,600,5751,3,0.009026,5751.0
q097,always_strong,complex,strong,0,0,0.0,0.0,0.004798,1519,176,2110,4,0.004798,2110.0
q098,always_strong,complex,strong,0,0,0.0,0.0,0.006956,1278,440,4053,5,0.006956,4053.0
q099,always_strong,complex,strong,0,0,0.0,0.0,0.005916,1638,264,2927,5,0.005916,2927.0
q100,always_strong,complex,strong,0,0,0.0,0.0,0.009028,1769,549,5451,5,0.009028,5451.0
q001,always_cheap,simple,cheap,0,0,0.0,0.0,0.001497,892,121,2249,5,0.001497,2249.0
q002,always_cheap,simple,cheap,0,0,0.0,0.0,0.001797,1142,131,1774,5,0.001797,1774.0
q003,always_cheap,simple,cheap,0,0,0.0,0.0,0.001307,1042,53,1254,4,0.001307,1254.0
q004,always_cheap,simple,cheap,0,0,0.0,0.0,0.001594,1119,95,1736,5,0.001594,1736.0
q005,always_cheap,simple,cheap,0,0,0.0,0.0,0.001,770,46,1233,5,0.001,1233.0
q006,always_cheap,simple,cheap,0,0,0.0,0.0,0.001558,1178,76,1715,5,0.001558,1715.0
q007,always_cheap,simple,cheap,0,0,0.0,0.0,0.001456,1136,64,1318,5,0.001456,1318.0
q008,always_cheap,simple,cheap,0,0,0.0,0.0,0.001522,1187,67,1527,5,0.001522,1527.0
q009,always_cheap,simple,cheap,0,0,0.0,0.0,0.001655,1190,93,1593,5,0.001655,1593.0
q010,always_cheap,simple,cheap,0,0,0.0,0.0,0.001407,967,88,1577,5,0.001407,1577.0
q011,always_cheap,simple,cheap,0,0,0.0,0.0,0.001476,1181,59,1225,5,0.001476,1225.0
q012,always_cheap,simple,cheap,0,0,0.0,0.0,0.001413,1133,56,1254,5,0.001413,1254.0
q013,always_cheap,simple,cheap,0,0,0.0,0.0,0.001179,999,36,1233,5,0.001179,1233.0
q014,always_cheap,simple,cheap,0,0,0.0,0.0,0.001305,870,87,1664,5,0.001305,1664.0
q015,always_cheap,simple,cheap,0,0,0.0,0.0,0.001167,767,80,1589,4,0.001167,1589.0
q016,always_cheap,simple,cheap,0,0,0.0,0.0,0.001443,993,90,1977,4,0.001443,1977.0
q017,always_cheap,simple,cheap,0,0,0.0,0.0,0.001428,1078,70,1488,5,0.001428,1488.0
q018,always_cheap,simple,cheap,0,0,0.0,0.0,0.001332,1077,51,1242,2,0.001332,1242.0
q019,always_cheap,simple,cheap,0,0,0.0,0.0,0.001219,1074,29,1012,5,0.001219,1012.0
q020,always_cheap,simple,cheap,0,0,0.0,0.0,0.001257,897,72,1349,5,0.001257,1349.0
q021,always_cheap,simple,cheap,0,0,0.0,0.0,0.001558,1138,84,1918,5,0.001558,1918.0
q022,always_cheap,simple,cheap,0,0,0.0,0.0,0.001383,1148,47,1233,4,0.001383,1233.0
q023,always_cheap,simple,cheap,0,0,0.0,0.0,0.001487,1292,39,1230,5,0.001487,1230.0
q024,always_cheap,simple,cheap,0,0,0.0,0.0,0.001585,1255,66,1668,5,0.001585,1668.0
q025,always_cheap,simple,cheap,0,0,0.0,0.0,0.001387,902,97,1780,5,0.001387,1780.0
q026,always_cheap,simple,cheap,0,0,0.0,0.0,0.00172,1080,128,1787,5,0.00172,1787.0
q027,always_cheap,simple,cheap,0,0,0.0,0.0,0.001808,1298,102,1662,5,0.001808,1662.0
q028,always_cheap,simple,cheap,0,0,0.0,0.0,0.001332,867,93,1496,4,0.001332,1496.0
q029,always_cheap,complex,cheap,0,0,0.0,0.0,0.001696,1316,76,2001,5,0.001696,2001.0
q030,always_cheap,simple,cheap,0,0,0.0,0.0,0.001332,1122,42,1036,5,0.001332,1036.0
q031,always_cheap,simple,cheap,0,0,0.0,0.0,0.00145,1180,54,1387,5,0.00145,1387.0
q032,always_cheap,simple,cheap,0,0,0.0,0.0,0.001032,897,27,930,5,0.001032,930.0
q033,always_cheap,simple,cheap,0,0,0.0,0.0,0.001259,959,60,1498,5,0.001259,1498.0
q034,always_cheap,complex,cheap,0,0,0.0,0.0,0.001642,917,145,2453,5,0.001642,2453.0
q035,always_cheap,simple,cheap,0,0,0.0,0.0,0.001168,838,66,1583,5,0.001168,1583.0
q036,always_cheap,simple,cheap,0,0,0.0,0.0,0.001428,1088,68,1649,5,0.001428,1649.0
q037,always_cheap,complex,cheap,0,0,0.0,0.0,0.001738,1193,109,1922,1,0.001738,1922.0
q038,always_cheap,simple,cheap,0,0,0.0,0.0,0.001366,1136,46,1230,5,0.001366,1230.0
q039,always_cheap,simple,cheap,0,0,0.0,0.0,0.001139,894,49,1265,5,0.001139,1265.0
q040,always_cheap,simple,cheap,0,0,0.0,0.0,0.001506,1256,50,1688,5,0.001506,1688.0
q041,always_cheap,simple,cheap,0,0,0.0,0.0,0.001452,1147,61,1235,5,0.001452,1235.0
q042,always_cheap,simple,cheap,0,0,0.0,0.0,0.001368,1073,59,1291,5,0.001368,1291.0
q043,always_cheap,simple,cheap,0,0,0.0,0.0,0.001562,1222,68,1362,5,0.001562,1362.0
q044,always_cheap,simple,cheap,0,0,0.0,0.0,0.001468,1073,79,1332,2,0.001468,1332.0
q045,always_cheap,simple,cheap,0,0,0.0,0.0,0.001641,1181,92,1654,5,0.001641,1654.0
q046,always_cheap,simple,cheap,0,0,0.0,0.0,0.001321,831,98,1777,3,0.001321,1777.0
q047,always_cheap,simple,cheap,0,0,0.0,0.0,0.00117,1070,20,1541,5,0.00117,1541.0
q048,always_cheap,simple,cheap,0,0,0.0,0.0,0.00121,995,43,1053,5,0.00121,1053.0
q049,always_cheap,simple,cheap,0,0,0.0,0.0,0.001354,1074,56,1155,5,0.001354,1155.0
q050,always_cheap,complex,cheap,0,0,0.0,0.0,0.001487,1052,87,1870,3,0.001487,1870.0
q051,always_cheap,simple,cheap,0,0,0.0,0.0,0.001507,1142,73,1922,4,0.001507,1922.0
q052,always_cheap,simple,cheap,0,0,0.0,0.0,0.00128,960,64,1341,5,0.00128,1341.0
q053,always_cheap,simple,cheap,0,0,0.0,0.0,0.001314,929,77,1581,5,0.001314,1581.0
q054,always_cheap,simple,cheap,0,0,0.0,0.0,0.001467,1117,70,1409,5,0.001467,1409.0
q055,always_cheap,simple,cheap,0,0,0.0,0.0,0.001819,1269,110,2011,3,0.001819,2011.0
q056,always_cheap,simple,cheap,0,0,0.0,0.0,0.001579,1004,115,1965,1,0.001579,1965.0
q057,always_cheap,complex,cheap,0,0,0.0,0.0,0.002245,985,252,4114,2,0.002245,4114.0
q058,always_cheap,simple,cheap,0,0,0.0,0.0,0.001662,902,152,3259,3,0.001662,3259.0
q059,always_cheap,simple,cheap,0,0,0.0,0.0,0.001353,713,128,1903,2,0.001353,1903.0
q060,always_cheap,simple,cheap,0,0,0.0,0.0,0.001414,1144,54,1190,5,0.001414,1190.0
q061,always_cheap,complex,cheap,0,0,0.0,0.0,0.001661,1161,100,1785,3,0.001661,1785.0
q062,always_cheap,complex,cheap,0,0,0.0,0.0,0.001437,982,91,1551,4,0.001437,1551.0
q063,always_cheap,complex,cheap,0,0,0.0,0.0,0.001801,1311,98,1860,1,0.001801,1860.0
q064,always_cheap,complex,cheap,0,0,0.0,0.0,0.00172,1150,114,2257,4,0.00172,2257.0
q065,always_cheap,complex,cheap,0,0,0.0,0.0,0.001819,934,177,3368,2,0.001819,3368.0
q066,always_cheap,complex,cheap,0,0,0.0,0.0,0.001559,784,155,2393,4,0.001559,2393.0
q067,always_cheap,complex,cheap,0,0,0.0,0.0,0.001494,1094,80,1613,4,0.001494,1613.0
q068,always_cheap,complex,cheap,0,0,0.0,0.0,0.00167,1155,103,1924,4,0.00167,1924.0
q069,always_cheap,complex,cheap,0,0,0.0,0.0,0.00191,1195,143,2481,4,0.00191,2481.0
q070,always_cheap,complex,cheap,0,0,0.0,0.0,0.001886,1346,108,2121,3,0.001886,2121.0
q071,always_cheap,complex,cheap,0,0,0.0,0.0,0.001598,1053,109,1743,5,0.001598,1743.0
q072,always_cheap,complex,cheap,0,0,0.0,0.0,0.001301,791,102,2165,4,0.001301,2165.0
q073,always_cheap,complex,cheap,0,0,0.0,0.0,0.001748,968,156,2646,1,0.001748,2646.0
q074,always_cheap,complex,cheap,0,0,0.0,0.0,0.001646,1146,100,1889,3,0.001646,1889.0
q075,always_cheap,complex,cheap,0,0,0.0,0.0,0.001627,1162,93,1902,5,0.001627,1902.0
q076,always_cheap,complex,cheap,0,0,0.0,0.0,0.001457,1132,65,1327,3,0.001457,1327.0
q077,always_cheap,simple,cheap,0,0,0.0,0.0,0.001273,793,96,1799,2,0.001273,1799.0
q078,always_cheap,simple,cheap,0,0,0.0,0.0,0.001561,836,145,2370,2,0.001561,2370.0
q079,always_cheap,complex,cheap,0,0,0.0,0.0,0.001468,968,100,1839,4,0.001468,1839.0
q080,always_cheap,simple,cheap,0,0,0.0,0.0,0.00122,880,68,1838,5,0.00122,1838.0
q081,always_cheap,simple,cheap,0,0,0.0,0.0,0.001859,1179,136,2298,4,0.001859,2298.0
q082,always_cheap,complex,cheap,0,0,0.0,0.0,0.001463,1098,73,1513,3,0.001463,1513.0
q083,always_cheap,simple,cheap,0,0,0.0,0.0,0.001554,1144,82,1563,5,0.001554,1563.0
q084,always_cheap,simple,cheap,0,0,0.0,0.0,0.001396,1081,63,1772,4,0.001396,1772.0
q085,always_cheap,complex,cheap,0,0,0.0,0.0,0.001989,1079,182,2903,3,0.001989,2903.0
q086,always_cheap,complex,cheap,0,0,0.0,0.0,0.001645,1155,98,3098,3,0.001645,3098.0
q087,always_cheap,simple,cheap,0,0,0.0,0.0,0.001598,913,137,2045,2,0.001598,2045.0
q088,always_cheap,complex,cheap,0,0,0.0,0.0,0.001707,1007,140,2292,2,0.001707,2292.0
q089,always_cheap,complex,cheap,0,0,0.0,0.0,0.001427,1002,85,1894,4,0.001427,1894.0
q090,always_cheap,complex,cheap,0,0,0.0,0.0,0.00162,1010,122,2000,3,0.00162,2000.0
q091,always_cheap,complex,cheap,0,0,0.0,0.0,0.002198,1028,234,3147,3,0.002198,3147.0
q092,always_cheap,complex,cheap,0,0,0.0,0.0,0.001687,837,170,2649,2,0.001687,2649.0
q093,always_cheap,complex,cheap,0,0,0.0,0.0,0.001978,1278,140,2373,2,0.001978,2373.0
q094,always_cheap,complex,cheap,0,0,0.0,0.0,0.002112,1132,196,2995,3,0.002112,2995.0
q095,always_cheap,complex,cheap,0,0,0.0,0.0,0.001585,795,158,2535,2,0.001585,2535.0
q096,always_cheap,complex,cheap,0,0,0.0,0.0,0.001831,1106,145,2482,3,0.001831,2482.0
q097,always_cheap,complex,cheap,0,0,0.0,0.0,0.001881,1096,157,2610,4,0.001881,2610.0
q098,always_cheap,complex,cheap,0,0,0.0,0.0,0.001842,922,184,2750,1,0.001842,2750.0
q099,always_cheap,complex,cheap,0,0,0.0,0.0,0.002334,1194,228,3372,3,0.002334,3372.0
q100,always_cheap,complex,cheap,0,0,0.0,0.0,0.002297,1297,200,3286,2,0.002297,3286.0
q001,laya,simple,cheap,0,0,0.0,996.0735999047756,0.001497,892,121,2249,5,0.001497,3245.0735999047756
q002,laya,simple,cheap,0,0,0.0,194.0904000075534,0.001797,1142,131,1774,5,0.001797,1968.0904000075534
q003,laya,simple,strong,0,0,0.0,190.3041999321431,0.003596,1433,73,1787,5,0.003596,1977.304199932143
q004,laya,simple,cheap,0,0,0.0,191.1258000181988,0.001594,1119,95,1736,5,0.001594,1927.1258000181988
q005,laya,simple,strong,0,0,0.0,191.37230003252623,0.003272,1086,110,1793,5,0.003272,1984.3723000325263
q006,laya,simple,strong,0,0,0.0,189.3709000432864,0.00405,1620,81,1906,5,0.00405,2095.3709000432864
q007,laya,simple,cheap,0,0,0.0,190.20429998636249,0.001456,1136,64,1318,5,0.001456,1508.2042999863625
q008,laya,simple,strong,0,0,0.0,191.11269991844893,0.004354,1627,110,2007,5,0.004354,2198.112699918449
q009,laya,simple,strong,0,0,0.0,192.2595000360161,0.00448,1630,122,2025,5,0.00448,2217.259500036016
q010,laya,simple,strong,0,0,0.0,192.06689996644852,0.00335,1335,68,2056,5,0.00335,2248.0668999664485
q011,laya,simple,cheap,0,0,0.0,193.36669996846467,0.001476,1181,59,1225,5,0.001476,1418.3666999684647
q012,laya,simple,cheap,0,0,0.0,193.4498000191525,0.001413,1133,56,1254,5,0.001413,1447.4498000191525
q013,laya,simple,strong,0,0,0.0,197.4715000251308,0.004128,1379,137,2233,5,0.004128,2430.471500025131
q014,laya,simple,cheap,0,0,0.0,196.12390000838784,0.001305,870,87,1664,5,0.001305,1860.1239000083879
q015,laya,simple,strong,0,0,0.0,191.4182999171317,0.003604,1082,144,3272,5,0.003604,3463.4182999171317
q016,laya,simple,strong,0,0,0.0,192.7012999076396,0.003952,1381,119,2004,5,0.003952,2196.7012999076396
q017,laya,simple,cheap,0,0,0.0,192.11360008921477,0.001428,1078,70,1488,5,0.001428,1680.1136000892147
q018,laya,simple,strong,0,0,0.0,191.56720000319183,0.003886,1478,93,1869,5,0.003886,2060.567200003192
q019,laya,simple,strong,0,0,0.0,187.9588000010699,0.003706,1478,75,1543,5,0.003706,1730.95880000107
q020,laya,simple,strong,0,0,0.0,190.46109996270388,0.005588,1254,308,3134,5,0.005588,3324.461099962704
q021,laya,simple,cheap,0,0,0.0,189.04580001253635,0.001558,1138,84,1918,5,0.001558,2107.0458000125363
q022,laya,simple,strong,0,0,0.0,189.96609991882,0.00411,1570,97,2290,5,0.00411,2479.96609991882
q023,laya,simple,cheap,0,0,0.0,192.84649996552616,0.001487,1292,39,1230,5,0.001487,1422.8464999655262
q024,laya,simple,strong,0,0,0.0,186.62779999431223,0.00476,1715,133,2096,5,0.00476,2282.627799994312
q025,laya,simple,strong,0,0,0.0,189.7785000037402,0.003986,1253,148,1747,5,0.003986,1936.7785000037402
q026,laya,simple,strong,0,0,0.0,188.57199989724904,0.005936,1483,297,2911,5,0.005936,3099.571999897249
q027,laya,simple,cheap,0,0,0.0,194.5313001051545,0.001808,1298,102,1662,5,0.001808,1856.5313001051545
q028,laya,simple,strong,0,0,0.0,197.24580005276948,0.003882,1216,145,2481,4,0.003882,2678.2458000527695
q029,laya,complex,strong,0,0,0.0,199.5534000452608,0.005494,1802,189,3137,2,0.005494,3336.553400045261
q030,laya,simple,cheap,0,0,0.0,199.1357000079006,0.001332,1122,42,1036,5,0.001332,1235.1357000079006
q031,laya,simple,cheap,0,0,0.0,189.614100032486,0.00145,1180,54,1387,5,0.00145,1576.614100032486
q032,laya,simple,strong,0,0,0.0,194.0623000264168,0.003526,1263,100,1638,5,0.003526,1832.0623000264168
q033,laya,simple,strong,0,0,0.0,193.8341000350192,0.003818,1339,114,2268,5,0.003818,2461.834100035019
q034,laya,complex,strong,0,0,0.0,197.082000086084,0.007288,1279,473,4919,5,0.007288,5116.082000086084
q035,laya,simple,strong,0,0,0.0,190.0643000844866,0.003332,1161,101,1968,5,0.003332,2158.0643000844866
q036,laya,simple,strong,0,0,0.0,191.8676000786945,0.004678,1494,169,2614,5,0.004678,2805.8676000786945
q037,laya,complex,strong,0,0,0.0,197.91109999641776,0.006232,1651,293,2998,5,0.006232,3195.9110999964178
q038,laya,simple,strong,0,0,0.0,192.0731000136584,0.004218,1564,109,2021,5,0.004218,2213.0731000136584
q039,laya,simple,strong,0,0,0.0,196.90039998386052,0.003126,1248,63,2165,5,0.003126,2361.9003999838606
q040,laya,simple,strong,0,0,0.0,193.99449997581544,0.004012,1716,58,2584,5,0.004012,2777.9944999758154
q041,laya,simple,strong,0,0,0.0,191.5832000086084,0.004536,1573,139,2556,5,0.004536,2747.5832000086084
q042,laya,simple,strong,0,0,0.0,194.98609995935112,0.003784,1477,83,1878,5,0.003784,2072.986099959351
q043,laya,simple,strong,0,0,0.0,190.43069996405396,0.004252,1691,87,2126,5,0.004252,2316.430699964054
q044,laya,simple,strong,0,0,0.0,193.3451999211684,0.003772,1476,82,1934,5,0.003772,2127.3451999211684
q045,laya,simple,strong,0,0,0.0,191.53000006917864,0.004142,1621,90,1624,5,0.004142,1815.5300000691786
q046,laya,simple,strong,0,0,0.0,192.83429998904467,0.004702,1161,238,3124,5,0.004702,3316.8342999890447
q047,laya,simple,strong,0,0,0.0,192.65920005273077,0.003396,1473,45,1509,5,0.003396,1701.6592000527307
q048,laya,simple,strong,0,0,0.0,193.9558999147266,0.003964,1387,119,1795,5,0.003964,1988.9558999147266
q049,laya,simple,strong,0,0,0.0,193.52829991839823,0.00363,1475,68,1586,5,0.00363,1779.5282999183983
q050,laya,complex,strong,0,0,0.0,193.62339994404465,0.004686,1443,180,2315,5,0.004686,2508.6233999440446
q051,laya,simple,strong,0,0,0.0,197.95329996850344,0.004692,1571,155,2332,5,0.004692,2529.9532999685034
q052,laya,simple,strong,0,0,0.0,191.07340008486065,0.003706,1328,105,2126,5,0.003706,2317.0734000848606
q053,laya,simple,cheap,0,0,0.0,195.5322000430897,0.001314,929,77,1581,5,0.001314,1776.5322000430897
q054,laya,simple,cheap,0,0,0.0,192.67040002159771,0.001467,1117,70,1409,5,0.001467,1601.6704000215977
q055,laya,simple,strong,0,0,0.0,193.79699998535216,0.00654,1730,308,3250,5,0.00654,3443.796999985352
q056,laya,simple,strong,0,0,0.0,192.2282000305131,0.005098,1389,232,3050,1,0.005098,3242.228200030513
q057,laya,complex,strong,0,0,0.0,273.62990006804466,0.009078,1369,634,5686,4,0.009078,5959.629900068045
q058,laya,simple,strong,0,0,0.0,192.1961000189185,0.005182,1251,268,2672,5,0.005182,2864.1961000189185
q059,laya,simple,cheap,0,0,0.0,187.75250006001443,0.001353,713,128,1903,2,0.001353,2090.7525000600144
q060,laya,simple,strong,0,0,0.0,192.3241000622511,0.004306,1568,117,1882,5,0.004306,2074.324100062251
q061,laya,complex,strong,0,0,0.0,195.74840005952865,0.005986,1593,280,8931,5,0.005986,9126.748400059529
q062,laya,complex,strong,0,0,0.0,195.38859999738636,0.004376,1348,168,2430,5,0.004376,2625.3885999973863
q063,laya,complex,strong,0,0,0.0,196.48369995411483,0.007218,1794,363,3538,5,0.007218,3734.483699954115
q064,laya,complex,strong,0,0,0.0,197.99909996800125,0.004454,1577,130,1842,5,0.004454,2039.9990999680012
q065,laya,complex,strong,0,0,0.0,195.8812999073416,0.007692,1296,510,5322,5,0.007692,5517.881299907342
q066,laya,complex,strong,0,0,0.0,196.9511000206694,0.00699,1105,478,4057,5,0.00699,4253.951100020669
q067,laya,complex,strong,0,0,0.0,194.52320004347712,0.005932,1506,292,2753,5,0.005932,2947.523200043477
q068,laya,complex,strong,0,0,0.0,197.6023999741301,0.00644,1585,327,3318,5,0.00644,3515.60239997413
q069,laya,complex,strong,0,0,0.0,194.9272999772802,0.004926,1643,164,2725,5,0.004926,2919.92729997728
q070,laya,complex,strong,0,0,0.0,191.52960006613284,0.005458,1849,176,2175,5,0.005458,2366.529600066133
q071,laya,complex,strong,0,0,0.0,196.65789999999103,0.004624,1447,173,2581,5,0.004624,2777.657899999991
q072,laya,complex,strong,0,0,0.0,198.6250999616459,0.006284,1112,406,4290,5,0.006284,4488.625099961646
q073,laya,complex,strong,0,0,0.0,195.937899989076,0.007452,1351,475,4060,5,0.007452,4255.937899989076
q074,laya,complex,strong,0,0,0.0,198.1554999947548,0.004274,1582,111,1583,5,0.004274,1781.1554999947548
q075,laya,complex,cheap,0,0,0.0,197.44410004932436,0.001627,1162,93,1902,5,0.001627,2099.4441000493243
q076,laya,complex,cheap,0,0,0.0,194.4332999410108,0.001457,1132,65,1327,3,0.001457,1521.4332999410108
q077,laya,simple,strong,0,0,0.0,196.4556000893936,0.004592,1096,240,3530,5,0.004592,3726.4556000893936
q078,laya,simple,strong,0,0,0.0,195.11219998821616,0.006688,1164,436,4628,2,0.006688,4823.112199988216
q079,laya,complex,strong,0,0,0.0,195.6658000126481,0.003894,1352,119,1953,5,0.003894,2148.665800012648
q080,laya,simple,cheap,0,0,0.0,193.50609998218715,0.00122,880,68,1838,5,0.00122,2031.5060999821872
q081,laya,simple,strong,0,0,0.0,194.2969999508932,0.00569,1630,243,3351,5,0.00569,3545.296999950893
q082,laya,complex,strong,0,0,0.0,196.8697999836877,0.006956,1513,393,4529,5,0.006956,4725.869799983688
q083,laya,simple,strong,0,0,0.0,195.52990002557635,0.004286,1568,115,2160,5,0.004286,2355.5299000255764
q084,laya,simple,strong,0,0,0.0,193.1281000142917,0.004318,1484,135,2146,5,0.004318,2339.1281000142917
q085,laya,complex,cheap,0,0,0.0,199.06180002726612,0.001989,1079,182,2903,3,0.001989,3102.061800027266
q086,laya,complex,strong,0,0,0.0,193.66360001731664,0.008528,1589,535,14524,5,0.008528,14717.663600017317
q087,laya,simple,strong,0,0,0.0,194.5490000071004,0.006134,1267,360,3865,2,0.006134,4059.5490000071004
q088,laya,complex,strong,0,0,0.0,192.61439994443208,0.004882,1391,210,3106,2,0.004882,3298.614399944432
q089,laya,complex,strong,0,0,0.0,194.6967999683693,0.005556,1393,277,2963,4,0.005556,3157.6967999683693
q090,laya,complex,strong,0,0,0.0,198.0057000182569,0.006868,1404,406,3799,5,0.006868,3997.005700018257
q091,laya,complex,strong,0,0,0.0,198.6182000255212,0.010488,1424,764,6355,4,0.010488,6553.618200025521
q092,laya,complex,strong,0,0,0.0,244.48690004646775,0.009526,1183,716,6177,2,0.009526,6421.486900046468
q093,laya,complex,strong,0,0,0.0,260.55279991123825,0.0107,1755,719,6408,2,0.0107,6668.552799911238
q094,laya,complex,strong,0,0,0.0,192.6868000300601,0.007318,1559,420,4530,3,0.007318,4722.68680003006
q095,laya,complex,strong,0,0,0.0,193.21410008706152,0.005942,1111,372,3974,3,0.005942,4167.2141000870615
q096,laya,complex,strong,0,0,0.0,193.4179000090808,0.009026,1513,600,5751,3,0.009026,5944.417900009081
q097,laya,complex,strong,0,0,0.0,194.37079993076625,0.004798,1519,176,2110,4,0.004798,2304.370799930766
q098,laya,complex,strong,0,0,0.0,193.9089000225067,0.006956,1278,440,4053,5,0.006956,4246.908900022507
q099,laya,complex,strong,0,0,0.0,192.38219992257652,0.005916,1638,264,2927,5,0.005916,3119.3821999225765
q100,laya,complex,strong,0,0,0.0,249.70329995267093,0.009028,1769,549,5451,5,0.009028,5700.703299952671
q001,llm_router,simple,cheap,93,14,0.000163,779.0,0.001497,892,121,2249,5,0.00166,3028.0
q002,llm_router,simple,cheap,92,14,0.000162,759.0,0.001797,1142,131,1774,5,0.001959,2533.0
q003,llm_router,simple,cheap,92,14,0.000162,843.0,0.001307,1042,53,1254,4,0.001469,2097.0
q004,llm_router,simple,cheap,93,14,0.000163,771.0,0.001594,1119,95,1736,5,0.0017569999999999999,2507.0
q005,llm_router,simple,cheap,96,14,0.000166,974.0,0.001,770,46,1233,5,0.001166,2207.0
q006,llm_router,simple,cheap,93,14,0.000163,966.0,0.001558,1178,76,1715,5,0.0017209999999999999,2681.0
q007,llm_router,simple,cheap,95,14,0.000165,958.0,0.001456,1136,64,1318,5,0.001621,2276.0
q008,llm_router,simple,cheap,93,33,0.000258,1169.0,0.001522,1187,67,1527,5,0.00178,2696.0
q009,llm_router,simple,cheap,96,40,0.000296,1041.0,0.001655,1190,93,1593,5,0.001951,2634.0
q010,llm_router,simple,cheap,94,9,0.000139,1212.0,0.001407,967,88,1577,5,0.001546,2789.0
q011,llm_router,simple,cheap,99,9,0.000144,744.0,0.001476,1181,59,1225,5,0.0016200000000000001,1969.0
q012,llm_router,simple,cheap,92,14,0.000162,884.0,0.001413,1133,56,1254,5,0.001575,2138.0
q013,llm_router,simple,cheap,98,14,0.000168,732.0,0.001179,999,36,1233,5,0.0013469999999999999,1965.0
q014,llm_router,simple,cheap,103,50,0.000353,1314.0,0.001305,870,87,1664,5,0.001658,2978.0
q015,llm_router,simple,cheap,93,14,0.000163,783.0,0.001167,767,80,1589,4,0.00133,2372.0
q016,llm_router,simple,cheap,98,9,0.000143,761.0,0.001443,993,90,1977,4,0.0015860000000000002,2738.0
q017,llm_router,simple,cheap,99,14,0.000169,1011.0,0.001428,1078,70,1488,5,0.001597,2499.0
q018,llm_router,simple,cheap,98,14,0.000168,806.0,0.001332,1077,51,1242,2,0.0015,2048.0
q019,llm_router,simple,cheap,95,14,0.000165,1094.0,0.001219,1074,29,1012,5,0.001384,2106.0
q020,llm_router,simple,cheap,98,14,0.000168,850.0,0.001257,897,72,1349,5,0.001425,2199.0
q021,llm_router,simple,cheap,97,43,0.000312,1146.0,0.001558,1138,84,1918,5,0.00187,3064.0
q022,llm_router,simple,cheap,98,14,0.000168,836.0,0.001383,1148,47,1233,4,0.0015509999999999999,2069.0
q023,llm_router,simple,cheap,98,14,0.000168,779.0,0.001487,1292,39,1230,5,0.001655,2009.0
q024,llm_router,simple,cheap,93,14,0.000163,864.0,0.001585,1255,66,1668,5,0.001748,2532.0
q025,llm_router,simple,cheap,97,48,0.000337,1331.0,0.001387,902,97,1780,5,0.001724,3111.0
q026,llm_router,simple,cheap,92,14,0.000162,796.0,0.00172,1080,128,1787,5,0.001882,2583.0
q027,llm_router,simple,cheap,98,14,0.000168,1045.0,0.001808,1298,102,1662,5,0.001976,2707.0
q028,llm_router,simple,cheap,93,14,0.000163,821.0,0.001332,867,93,1496,4,0.001495,2317.0
q029,llm_router,complex,cheap,116,50,0.000366,1598.0,0.001696,1316,76,2001,5,0.002062,3599.0
q030,llm_router,simple,cheap,96,14,0.000166,4043.0,0.001332,1122,42,1036,5,0.001498,5079.0
q031,llm_router,simple,cheap,95,14,0.000165,1029.0,0.00145,1180,54,1387,5,0.001615,2416.0
q032,llm_router,simple,cheap,98,14,0.000168,748.0,0.001032,897,27,930,5,0.0012,1678.0
q033,llm_router,simple,cheap,98,50,0.000348,1295.0,0.001259,959,60,1498,5,0.001607,2793.0
q034,llm_router,complex,cheap,118,50,0.000368,2313.0,0.001642,917,145,2453,5,0.00201,4766.0
q035,llm_router,simple,cheap,96,43,0.000311,1094.0,0.001168,838,66,1583,5,0.001479,2677.0
q036,llm_router,simple,cheap,100,42,0.00031,1114.0,0.001428,1088,68,1649,5,0.001738,2763.0
q037,llm_router,complex,cheap,120,50,0.00037,1331.0,0.001738,1193,109,1922,1,0.002108,3253.0
q038,llm_router,simple,cheap,101,14,0.000171,816.0,0.001366,1136,46,1230,5,0.001537,2046.0
q039,llm_router,simple,cheap,95,14,0.000165,731.0,0.001139,894,49,1265,5,0.001304,1996.0
q040,llm_router,simple,cheap,94,44,0.000314,1069.0,0.001506,1256,50,1688,5,0.00182,2757.0
q041,llm_router,simple,cheap,97,14,0.000167,835.0,0.001452,1147,61,1235,5,0.001619,2070.0
q042,llm_router,simple,cheap,94,14,0.000164,744.0,0.001368,1073,59,1291,5,0.0015320000000000002,2035.0
q043,llm_router,simple,cheap,96,49,0.000341,1184.0,0.001562,1222,68,1362,5,0.001903,2546.0
q044,llm_router,simple,strong,100,50,0.00035,1713.0,0.003772,1476,82,1934,5,0.004122,3647.0
q045,llm_router,simple,cheap,96,43,0.000311,1163.0,0.001641,1181,92,1654,5,0.0019520000000000002,2817.0
q046,llm_router,simple,cheap,95,14,0.000165,733.0,0.001321,831,98,1777,3,0.001486,2510.0
q047,llm_router,simple,cheap,97,9,0.000142,684.0,0.00117,1070,20,1541,5,0.001312,2225.0
q048,llm_router,simple,cheap,96,14,0.000166,1061.0,0.00121,995,43,1053,5,0.0013759999999999998,2114.0
q049,llm_router,simple,cheap,95,9,0.00014,995.0,0.001354,1074,56,1155,5,0.0014939999999999999,2150.0
q050,llm_router,complex,strong,102,50,0.000352,1877.0,0.004686,1443,180,2315,5,0.005038,4192.0
q051,llm_router,simple,cheap,98,14,0.000168,815.0,0.001507,1142,73,1922,4,0.001675,2737.0
q052,llm_router,simple,cheap,99,50,0.000349,1316.0,0.00128,960,64,1341,5,0.0016290000000000002,2657.0
q053,llm_router,simple,cheap,100,40,0.0003,1099.0,0.001314,929,77,1581,5,0.001614,2680.0
q054,llm_router,simple,cheap,97,14,0.000167,753.0,0.001467,1117,70,1409,5,0.001634,2162.0
q055,llm_router,simple,cheap,107,14,0.000177,780.0,0.001819,1269,110,2011,3,0.001996,2791.0
q056,llm_router,simple,cheap,93,14,0.000163,799.0,0.001579,1004,115,1965,1,0.001742,2764.0
q057,llm_router,complex,strong,124,50,0.000374,1901.0,0.009078,1369,634,5686,4,0.009451999999999999,7587.0
q058,llm_router,simple,cheap,101,50,0.000351,1384.0,0.001662,902,152,3259,3,0.002013,4643.0
q059,llm_router,simple,cheap,95,14,0.000165,777.0,0.001353,713,128,1903,2,0.001518,2680.0
q060,llm_router,simple,cheap,94,14,0.000164,926.0,0.001414,1144,54,1190,5,0.001578,2116.0
q061,llm_router,complex,cheap,111,50,0.000361,1348.0,0.001661,1161,100,1785,3,0.002022,3133.0
q062,llm_router,complex,cheap,115,50,0.000365,1618.0,0.001437,982,91,1551,4,0.0018019999999999998,3169.0
q063,llm_router,complex,cheap,111,50,0.000361,1218.0,0.001801,1311,98,1860,1,0.002162,3078.0
q064,llm_router,complex,strong,109,50,0.000359,1516.0,0.004454,1577,130,1842,5,0.004813,3358.0
q065,llm_router,complex,strong,111,50,0.000361,1570.0,0.007692,1296,510,5322,5,0.008053,6892.0
q066,llm_router,complex,strong,110,50,0.00036,1744.0,0.00699,1105,478,4057,5,0.00735,5801.0
q067,llm_router,complex,cheap,115,49,0.00036,1317.0,0.001494,1094,80,1613,4,0.0018540000000000002,2930.0
q068,llm_router,complex,strong,114,50,0.000364,2019.0,0.00644,1585,327,3318,5,0.006804,5337.0
q069,llm_router,complex,strong,101,50,0.000351,1586.0,0.004926,1643,164,2725,5,0.005277,4311.0
q070,llm_router,complex,strong,102,50,0.000352,1546.0,0.005458,1849,176,2175,5,0.00581,3721.0
q071,llm_router,complex,cheap,103,47,0.000338,1193.0,0.001598,1053,109,1743,5,0.001936,2936.0
q072,llm_router,complex,strong,117,50,0.000367,1574.0,0.006284,1112,406,4290,5,0.006651,5864.0
q073,llm_router,complex,strong,107,50,0.000357,1814.0,0.007452,1351,475,4060,5,0.007809,5874.0
q074,llm_router,complex,cheap,111,44,0.000331,1228.0,0.001646,1146,100,1889,3,0.001977,3117.0
q075,llm_router,complex,cheap,112,50,0.000362,1420.0,0.001627,1162,93,1902,5,0.001989,3322.0
q076,llm_router,complex,cheap,106,14,0.000176,709.0,0.001457,1132,65,1327,3,0.001633,2036.0
q077,llm_router,simple,cheap,113,50,0.000363,1079.0,0.001273,793,96,1799,2,0.001636,2878.0
q078,llm_router,simple,strong,100,50,0.00035,1617.0,0.006688,1164,436,4628,2,0.007038,6245.0
q079,llm_router,complex,cheap,107,14,0.000177,835.0,0.001468,968,100,1839,4,0.001645,2674.0
q080,llm_router,simple,cheap,106,50,0.000356,1384.0,0.00122,880,68,1838,5,0.001576,3222.0
q081,llm_router,simple,strong,106,50,0.000356,1452.0,0.00569,1630,243,3351,5,0.006045999999999999,4803.0
q082,llm_router,complex,cheap,110,50,0.00036,1282.0,0.001463,1098,73,1513,3,0.0018230000000000002,2795.0
q083,llm_router,simple,cheap,103,50,0.000353,1886.0,0.001554,1144,82,1563,5,0.001907,3449.0
q084,llm_router,simple,cheap,102,14,0.000172,755.0,0.001396,1081,63,1772,4,0.0015680000000000002,2527.0
q085,llm_router,complex,strong,106,50,0.000356,1502.0,0.008188,1484,522,4595,3,0.008544000000000001,6097.0
q086,llm_router,complex,strong,111,50,0.000361,1561.0,0.008528,1589,535,14524,5,0.008889000000000001,16085.0
q087,llm_router,simple,strong,108,50,0.000358,1809.0,0.006134,1267,360,3865,2,0.0064919999999999995,5674.0
q088,llm_router,complex,cheap,106,14,0.000176,1720.0,0.001707,1007,140,2292,2,0.001883,4012.0
q089,llm_router,complex,cheap,103,50,0.000353,1339.0,0.001427,1002,85,1894,4,0.0017800000000000001,3233.0
q090,llm_router,complex,strong,111,50,0.000361,1842.0,0.006868,1404,406,3799,5,0.007229,5641.0
q091,llm_router,complex,strong,111,50,0.000361,1401.0,0.010488,1424,764,6355,4,0.010849000000000001,7756.0
q092,llm_router,complex,strong,125,50,0.000375,1953.0,0.009526,1183,716,6177,2,0.009901,8130.0
q093,llm_router,complex,strong,155,50,0.000405,1851.0,0.0107,1755,719,6408,2,0.011105,8259.0
q094,llm_router,complex,strong,115,50,0.000365,1506.0,0.007318,1559,420,4530,3,0.007683,6036.0
q095,llm_router,complex,strong,115,50,0.000365,1458.0,0.005942,1111,372,3974,3,0.006307,5432.0
q096,llm_router,complex,strong,118,50,0.000368,1867.0,0.009026,1513,600,5751,3,0.009394,7618.0
q097,llm_router,complex,strong,114,50,0.000364,2965.0,0.004798,1519,176,2110,4,0.005162,5075.0
q098,llm_router,complex,strong,117,50,0.000367,1445.0,0.006956,1278,440,4053,5,0.0073230000000000005,5498.0
q099,llm_router,complex,strong,109,50,0.000359,1462.0,0.005916,1638,264,2927,5,0.006275,4389.0
q100,llm_router,complex,strong,135,50,0.000385,2115.0,0.009028,1769,549,5451,5,0.009413,7566.0
q001,oracle,simple,cheap,0,0,0.0,0.0,0.001497,892,121,2249,5,0.001497,2249.0
q002,oracle,simple,cheap,0,0,0.0,0.0,0.001797,1142,131,1774,5,0.001797,1774.0
q003,oracle,simple,cheap,0,0,0.0,0.0,0.001307,1042,53,1254,4,0.001307,1254.0
q004,oracle,simple,cheap,0,0,0.0,0.0,0.001594,1119,95,1736,5,0.001594,1736.0
q005,oracle,simple,cheap,0,0,0.0,0.0,0.001,770,46,1233,5,0.001,1233.0
q006,oracle,simple,cheap,0,0,0.0,0.0,0.001558,1178,76,1715,5,0.001558,1715.0
q007,oracle,simple,cheap,0,0,0.0,0.0,0.001456,1136,64,1318,5,0.001456,1318.0
q008,oracle,simple,cheap,0,0,0.0,0.0,0.001522,1187,67,1527,5,0.001522,1527.0
q009,oracle,simple,cheap,0,0,0.0,0.0,0.001655,1190,93,1593,5,0.001655,1593.0
q010,oracle,simple,cheap,0,0,0.0,0.0,0.001407,967,88,1577,5,0.001407,1577.0
q011,oracle,simple,cheap,0,0,0.0,0.0,0.001476,1181,59,1225,5,0.001476,1225.0
q012,oracle,simple,cheap,0,0,0.0,0.0,0.001413,1133,56,1254,5,0.001413,1254.0
q013,oracle,simple,cheap,0,0,0.0,0.0,0.001179,999,36,1233,5,0.001179,1233.0
q014,oracle,simple,cheap,0,0,0.0,0.0,0.001305,870,87,1664,5,0.001305,1664.0
q015,oracle,simple,cheap,0,0,0.0,0.0,0.001167,767,80,1589,4,0.001167,1589.0
q016,oracle,simple,cheap,0,0,0.0,0.0,0.001443,993,90,1977,4,0.001443,1977.0
q017,oracle,simple,cheap,0,0,0.0,0.0,0.001428,1078,70,1488,5,0.001428,1488.0
q018,oracle,simple,cheap,0,0,0.0,0.0,0.001332,1077,51,1242,2,0.001332,1242.0
q019,oracle,simple,cheap,0,0,0.0,0.0,0.001219,1074,29,1012,5,0.001219,1012.0
q020,oracle,simple,cheap,0,0,0.0,0.0,0.001257,897,72,1349,5,0.001257,1349.0
q021,oracle,simple,cheap,0,0,0.0,0.0,0.001558,1138,84,1918,5,0.001558,1918.0
q022,oracle,simple,cheap,0,0,0.0,0.0,0.001383,1148,47,1233,4,0.001383,1233.0
q023,oracle,simple,cheap,0,0,0.0,0.0,0.001487,1292,39,1230,5,0.001487,1230.0
q024,oracle,simple,cheap,0,0,0.0,0.0,0.001585,1255,66,1668,5,0.001585,1668.0
q025,oracle,simple,cheap,0,0,0.0,0.0,0.001387,902,97,1780,5,0.001387,1780.0
q026,oracle,simple,cheap,0,0,0.0,0.0,0.00172,1080,128,1787,5,0.00172,1787.0
q027,oracle,simple,cheap,0,0,0.0,0.0,0.001808,1298,102,1662,5,0.001808,1662.0
q028,oracle,simple,cheap,0,0,0.0,0.0,0.001332,867,93,1496,4,0.001332,1496.0
q029,oracle,complex,strong,0,0,0.0,0.0,0.005494,1802,189,3137,2,0.005494,3137.0
q030,oracle,simple,cheap,0,0,0.0,0.0,0.001332,1122,42,1036,5,0.001332,1036.0
q031,oracle,simple,cheap,0,0,0.0,0.0,0.00145,1180,54,1387,5,0.00145,1387.0
q032,oracle,simple,cheap,0,0,0.0,0.0,0.001032,897,27,930,5,0.001032,930.0
q033,oracle,simple,cheap,0,0,0.0,0.0,0.001259,959,60,1498,5,0.001259,1498.0
q034,oracle,complex,strong,0,0,0.0,0.0,0.007288,1279,473,4919,5,0.007288,4919.0
q035,oracle,simple,cheap,0,0,0.0,0.0,0.001168,838,66,1583,5,0.001168,1583.0
q036,oracle,simple,cheap,0,0,0.0,0.0,0.001428,1088,68,1649,5,0.001428,1649.0
q037,oracle,complex,strong,0,0,0.0,0.0,0.006232,1651,293,2998,5,0.006232,2998.0
q038,oracle,simple,cheap,0,0,0.0,0.0,0.001366,1136,46,1230,5,0.001366,1230.0
q039,oracle,simple,cheap,0,0,0.0,0.0,0.001139,894,49,1265,5,0.001139,1265.0
q040,oracle,simple,cheap,0,0,0.0,0.0,0.001506,1256,50,1688,5,0.001506,1688.0
q041,oracle,simple,cheap,0,0,0.0,0.0,0.001452,1147,61,1235,5,0.001452,1235.0
q042,oracle,simple,cheap,0,0,0.0,0.0,0.001368,1073,59,1291,5,0.001368,1291.0
q043,oracle,simple,cheap,0,0,0.0,0.0,0.001562,1222,68,1362,5,0.001562,1362.0
q044,oracle,simple,cheap,0,0,0.0,0.0,0.001468,1073,79,1332,2,0.001468,1332.0
q045,oracle,simple,cheap,0,0,0.0,0.0,0.001641,1181,92,1654,5,0.001641,1654.0
q046,oracle,simple,cheap,0,0,0.0,0.0,0.001321,831,98,1777,3,0.001321,1777.0
q047,oracle,simple,cheap,0,0,0.0,0.0,0.00117,1070,20,1541,5,0.00117,1541.0
q048,oracle,simple,cheap,0,0,0.0,0.0,0.00121,995,43,1053,5,0.00121,1053.0
q049,oracle,simple,cheap,0,0,0.0,0.0,0.001354,1074,56,1155,5,0.001354,1155.0
q050,oracle,complex,strong,0,0,0.0,0.0,0.004686,1443,180,2315,5,0.004686,2315.0
q051,oracle,simple,cheap,0,0,0.0,0.0,0.001507,1142,73,1922,4,0.001507,1922.0
q052,oracle,simple,cheap,0,0,0.0,0.0,0.00128,960,64,1341,5,0.00128,1341.0
q053,oracle,simple,cheap,0,0,0.0,0.0,0.001314,929,77,1581,5,0.001314,1581.0
q054,oracle,simple,cheap,0,0,0.0,0.0,0.001467,1117,70,1409,5,0.001467,1409.0
q055,oracle,simple,cheap,0,0,0.0,0.0,0.001819,1269,110,2011,3,0.001819,2011.0
q056,oracle,simple,cheap,0,0,0.0,0.0,0.001579,1004,115,1965,1,0.001579,1965.0
q057,oracle,complex,strong,0,0,0.0,0.0,0.009078,1369,634,5686,4,0.009078,5686.0
q058,oracle,simple,cheap,0,0,0.0,0.0,0.001662,902,152,3259,3,0.001662,3259.0
q059,oracle,simple,cheap,0,0,0.0,0.0,0.001353,713,128,1903,2,0.001353,1903.0
q060,oracle,simple,cheap,0,0,0.0,0.0,0.001414,1144,54,1190,5,0.001414,1190.0
q061,oracle,complex,strong,0,0,0.0,0.0,0.005986,1593,280,8931,5,0.005986,8931.0
q062,oracle,complex,strong,0,0,0.0,0.0,0.004376,1348,168,2430,5,0.004376,2430.0
q063,oracle,complex,strong,0,0,0.0,0.0,0.007218,1794,363,3538,5,0.007218,3538.0
q064,oracle,complex,strong,0,0,0.0,0.0,0.004454,1577,130,1842,5,0.004454,1842.0
q065,oracle,complex,strong,0,0,0.0,0.0,0.007692,1296,510,5322,5,0.007692,5322.0
q066,oracle,complex,strong,0,0,0.0,0.0,0.00699,1105,478,4057,5,0.00699,4057.0
q067,oracle,complex,strong,0,0,0.0,0.0,0.005932,1506,292,2753,5,0.005932,2753.0
q068,oracle,complex,strong,0,0,0.0,0.0,0.00644,1585,327,3318,5,0.00644,3318.0
q069,oracle,complex,strong,0,0,0.0,0.0,0.004926,1643,164,2725,5,0.004926,2725.0
q070,oracle,complex,strong,0,0,0.0,0.0,0.005458,1849,176,2175,5,0.005458,2175.0
q071,oracle,complex,strong,0,0,0.0,0.0,0.004624,1447,173,2581,5,0.004624,2581.0
q072,oracle,complex,strong,0,0,0.0,0.0,0.006284,1112,406,4290,5,0.006284,4290.0
q073,oracle,complex,strong,0,0,0.0,0.0,0.007452,1351,475,4060,5,0.007452,4060.0
q074,oracle,complex,strong,0,0,0.0,0.0,0.004274,1582,111,1583,5,0.004274,1583.0
q075,oracle,complex,strong,0,0,0.0,0.0,0.003684,1587,51,1288,5,0.003684,1288.0
q076,oracle,complex,strong,0,0,0.0,0.0,0.004978,1559,186,2181,5,0.004978,2181.0
q077,oracle,simple,cheap,0,0,0.0,0.0,0.001273,793,96,1799,2,0.001273,1799.0
q078,oracle,simple,cheap,0,0,0.0,0.0,0.001561,836,145,2370,2,0.001561,2370.0
q079,oracle,complex,strong,0,0,0.0,0.0,0.003894,1352,119,1953,5,0.003894,1953.0
q080,oracle,simple,cheap,0,0,0.0,0.0,0.00122,880,68,1838,5,0.00122,1838.0
q081,oracle,simple,cheap,0,0,0.0,0.0,0.001859,1179,136,2298,4,0.001859,2298.0
q082,oracle,complex,strong,0,0,0.0,0.0,0.006956,1513,393,4529,5,0.006956,4529.0
q083,oracle,simple,cheap,0,0,0.0,0.0,0.001554,1144,82,1563,5,0.001554,1563.0
q084,oracle,simple,cheap,0,0,0.0,0.0,0.001396,1081,63,1772,4,0.001396,1772.0
q085,oracle,complex,strong,0,0,0.0,0.0,0.008188,1484,522,4595,3,0.008188,4595.0
q086,oracle,complex,strong,0,0,0.0,0.0,0.008528,1589,535,14524,5,0.008528,14524.0
q087,oracle,simple,cheap,0,0,0.0,0.0,0.001598,913,137,2045,2,0.001598,2045.0
q088,oracle,complex,strong,0,0,0.0,0.0,0.004882,1391,210,3106,2,0.004882,3106.0
q089,oracle,complex,strong,0,0,0.0,0.0,0.005556,1393,277,2963,4,0.005556,2963.0
q090,oracle,complex,strong,0,0,0.0,0.0,0.006868,1404,406,3799,5,0.006868,3799.0
q091,oracle,complex,strong,0,0,0.0,0.0,0.010488,1424,764,6355,4,0.010488,6355.0
q092,oracle,complex,strong,0,0,0.0,0.0,0.009526,1183,716,6177,2,0.009526,6177.0
q093,oracle,complex,strong,0,0,0.0,0.0,0.0107,1755,719,6408,2,0.0107,6408.0
q094,oracle,complex,strong,0,0,0.0,0.0,0.007318,1559,420,4530,3,0.007318,4530.0
q095,oracle,complex,strong,0,0,0.0,0.0,0.005942,1111,372,3974,3,0.005942,3974.0
q096,oracle,complex,strong,0,0,0.0,0.0,0.009026,1513,600,5751,3,0.009026,5751.0
q097,oracle,complex,strong,0,0,0.0,0.0,0.004798,1519,176,2110,4,0.004798,2110.0
q098,oracle,complex,strong,0,0,0.0,0.0,0.006956,1278,440,4053,5,0.006956,4053.0
q099,oracle,complex,strong,0,0,0.0,0.0,0.005916,1638,264,2927,5,0.005916,2927.0
q100,oracle,complex,strong,0,0,0.0,0.0,0.009028,1769,549,5451,5,0.009028,5451.0
q001,laya@0.50,simple,cheap,0,0,0.0,996.0735999047756,0.001497,892,121,2249,5,0.001497,3245.0735999047756
q002,laya@0.50,simple,cheap,0,0,0.0,194.0904000075534,0.001797,1142,131,1774,5,0.001797,1968.0904000075534
q003,laya@0.50,simple,strong,0,0,0.0,190.3041999321431,0.003596,1433,73,1787,5,0.003596,1977.304199932143
q004,laya@0.50,simple,cheap,0,0,0.0,191.1258000181988,0.001594,1119,95,1736,5,0.001594,1927.1258000181988
q005,laya@0.50,simple,strong,0,0,0.0,191.37230003252623,0.003272,1086,110,1793,5,0.003272,1984.3723000325263
q006,laya@0.50,simple,strong,0,0,0.0,189.3709000432864,0.00405,1620,81,1906,5,0.00405,2095.3709000432864
q007,laya@0.50,simple,cheap,0,0,0.0,190.20429998636249,0.001456,1136,64,1318,5,0.001456,1508.2042999863625
q008,laya@0.50,simple,strong,0,0,0.0,191.11269991844893,0.004354,1627,110,2007,5,0.004354,2198.112699918449
q009,laya@0.50,simple,strong,0,0,0.0,192.2595000360161,0.00448,1630,122,2025,5,0.00448,2217.259500036016
q010,laya@0.50,simple,strong,0,0,0.0,192.06689996644852,0.00335,1335,68,2056,5,0.00335,2248.0668999664485
q011,laya@0.50,simple,cheap,0,0,0.0,193.36669996846467,0.001476,1181,59,1225,5,0.001476,1418.3666999684647
q012,laya@0.50,simple,cheap,0,0,0.0,193.4498000191525,0.001413,1133,56,1254,5,0.001413,1447.4498000191525
q013,laya@0.50,simple,strong,0,0,0.0,197.4715000251308,0.004128,1379,137,2233,5,0.004128,2430.471500025131
q014,laya@0.50,simple,cheap,0,0,0.0,196.12390000838784,0.001305,870,87,1664,5,0.001305,1860.1239000083879
q015,laya@0.50,simple,strong,0,0,0.0,191.4182999171317,0.003604,1082,144,3272,5,0.003604,3463.4182999171317
q016,laya@0.50,simple,strong,0,0,0.0,192.7012999076396,0.003952,1381,119,2004,5,0.003952,2196.7012999076396
q017,laya@0.50,simple,cheap,0,0,0.0,192.11360008921477,0.001428,1078,70,1488,5,0.001428,1680.1136000892147
q018,laya@0.50,simple,strong,0,0,0.0,191.56720000319183,0.003886,1478,93,1869,5,0.003886,2060.567200003192
q019,laya@0.50,simple,strong,0,0,0.0,187.9588000010699,0.003706,1478,75,1543,5,0.003706,1730.95880000107
q020,laya@0.50,simple,strong,0,0,0.0,190.46109996270388,0.005588,1254,308,3134,5,0.005588,3324.461099962704
q021,laya@0.50,simple,cheap,0,0,0.0,189.04580001253635,0.001558,1138,84,1918,5,0.001558,2107.0458000125363
q022,laya@0.50,simple,strong,0,0,0.0,189.96609991882,0.00411,1570,97,2290,5,0.00411,2479.96609991882
q023,laya@0.50,simple,cheap,0,0,0.0,192.84649996552616,0.001487,1292,39,1230,5,0.001487,1422.8464999655262
q024,laya@0.50,simple,strong,0,0,0.0,186.62779999431223,0.00476,1715,133,2096,5,0.00476,2282.627799994312
q025,laya@0.50,simple,strong,0,0,0.0,189.7785000037402,0.003986,1253,148,1747,5,0.003986,1936.7785000037402
q026,laya@0.50,simple,strong,0,0,0.0,188.57199989724904,0.005936,1483,297,2911,5,0.005936,3099.571999897249
q027,laya@0.50,simple,cheap,0,0,0.0,194.5313001051545,0.001808,1298,102,1662,5,0.001808,1856.5313001051545
q028,laya@0.50,simple,strong,0,0,0.0,197.24580005276948,0.003882,1216,145,2481,4,0.003882,2678.2458000527695
q029,laya@0.50,complex,strong,0,0,0.0,199.5534000452608,0.005494,1802,189,3137,2,0.005494,3336.553400045261
q030,laya@0.50,simple,cheap,0,0,0.0,199.1357000079006,0.001332,1122,42,1036,5,0.001332,1235.1357000079006
q031,laya@0.50,simple,cheap,0,0,0.0,189.614100032486,0.00145,1180,54,1387,5,0.00145,1576.614100032486
q032,laya@0.50,simple,strong,0,0,0.0,194.0623000264168,0.003526,1263,100,1638,5,0.003526,1832.0623000264168
q033,laya@0.50,simple,strong,0,0,0.0,193.8341000350192,0.003818,1339,114,2268,5,0.003818,2461.834100035019
q034,laya@0.50,complex,strong,0,0,0.0,197.082000086084,0.007288,1279,473,4919,5,0.007288,5116.082000086084
q035,laya@0.50,simple,strong,0,0,0.0,190.0643000844866,0.003332,1161,101,1968,5,0.003332,2158.0643000844866
q036,laya@0.50,simple,strong,0,0,0.0,191.8676000786945,0.004678,1494,169,2614,5,0.004678,2805.8676000786945
q037,laya@0.50,complex,strong,0,0,0.0,197.91109999641776,0.006232,1651,293,2998,5,0.006232,3195.9110999964178
q038,laya@0.50,simple,strong,0,0,0.0,192.0731000136584,0.004218,1564,109,2021,5,0.004218,2213.0731000136584
q039,laya@0.50,simple,strong,0,0,0.0,196.90039998386052,0.003126,1248,63,2165,5,0.003126,2361.9003999838606
q040,laya@0.50,simple,strong,0,0,0.0,193.99449997581544,0.004012,1716,58,2584,5,0.004012,2777.9944999758154
q041,laya@0.50,simple,strong,0,0,0.0,191.5832000086084,0.004536,1573,139,2556,5,0.004536,2747.5832000086084
q042,laya@0.50,simple,strong,0,0,0.0,194.98609995935112,0.003784,1477,83,1878,5,0.003784,2072.986099959351
q043,laya@0.50,simple,strong,0,0,0.0,190.43069996405396,0.004252,1691,87,2126,5,0.004252,2316.430699964054
q044,laya@0.50,simple,strong,0,0,0.0,193.3451999211684,0.003772,1476,82,1934,5,0.003772,2127.3451999211684
q045,laya@0.50,simple,strong,0,0,0.0,191.53000006917864,0.004142,1621,90,1624,5,0.004142,1815.5300000691786
q046,laya@0.50,simple,strong,0,0,0.0,192.83429998904467,0.004702,1161,238,3124,5,0.004702,3316.8342999890447
q047,laya@0.50,simple,strong,0,0,0.0,192.65920005273077,0.003396,1473,45,1509,5,0.003396,1701.6592000527307
q048,laya@0.50,simple,strong,0,0,0.0,193.9558999147266,0.003964,1387,119,1795,5,0.003964,1988.9558999147266
q049,laya@0.50,simple,strong,0,0,0.0,193.52829991839823,0.00363,1475,68,1586,5,0.00363,1779.5282999183983
q050,laya@0.50,complex,strong,0,0,0.0,193.62339994404465,0.004686,1443,180,2315,5,0.004686,2508.6233999440446
q051,laya@0.50,simple,strong,0,0,0.0,197.95329996850344,0.004692,1571,155,2332,5,0.004692,2529.9532999685034
q052,laya@0.50,simple,strong,0,0,0.0,191.07340008486065,0.003706,1328,105,2126,5,0.003706,2317.0734000848606
q053,laya@0.50,simple,cheap,0,0,0.0,195.5322000430897,0.001314,929,77,1581,5,0.001314,1776.5322000430897
q054,laya@0.50,simple,cheap,0,0,0.0,192.67040002159771,0.001467,1117,70,1409,5,0.001467,1601.6704000215977
q055,laya@0.50,simple,strong,0,0,0.0,193.79699998535216,0.00654,1730,308,3250,5,0.00654,3443.796999985352
q056,laya@0.50,simple,strong,0,0,0.0,192.2282000305131,0.005098,1389,232,3050,1,0.005098,3242.228200030513
q057,laya@0.50,complex,strong,0,0,0.0,273.62990006804466,0.009078,1369,634,5686,4,0.009078,5959.629900068045
q058,laya@0.50,simple,strong,0,0,0.0,192.1961000189185,0.005182,1251,268,2672,5,0.005182,2864.1961000189185
q059,laya@0.50,simple,cheap,0,0,0.0,187.75250006001443,0.001353,713,128,1903,2,0.001353,2090.7525000600144
q060,laya@0.50,simple,strong,0,0,0.0,192.3241000622511,0.004306,1568,117,1882,5,0.004306,2074.324100062251
q061,laya@0.50,complex,strong,0,0,0.0,195.74840005952865,0.005986,1593,280,8931,5,0.005986,9126.748400059529
q062,laya@0.50,complex,strong,0,0,0.0,195.38859999738636,0.004376,1348,168,2430,5,0.004376,2625.3885999973863
q063,laya@0.50,complex,strong,0,0,0.0,196.48369995411483,0.007218,1794,363,3538,5,0.007218,3734.483699954115
q064,laya@0.50,complex,strong,0,0,0.0,197.99909996800125,0.004454,1577,130,1842,5,0.004454,2039.9990999680012
q065,laya@0.50,complex,strong,0,0,0.0,195.8812999073416,0.007692,1296,510,5322,5,0.007692,5517.881299907342
q066,laya@0.50,complex,strong,0,0,0.0,196.9511000206694,0.00699,1105,478,4057,5,0.00699,4253.951100020669
q067,laya@0.50,complex,strong,0,0,0.0,194.52320004347712,0.005932,1506,292,2753,5,0.005932,2947.523200043477
q068,laya@0.50,complex,strong,0,0,0.0,197.6023999741301,0.00644,1585,327,3318,5,0.00644,3515.60239997413
q069,laya@0.50,complex,strong,0,0,0.0,194.9272999772802,0.004926,1643,164,2725,5,0.004926,2919.92729997728
q070,laya@0.50,complex,strong,0,0,0.0,191.52960006613284,0.005458,1849,176,2175,5,0.005458,2366.529600066133
q071,laya@0.50,complex,strong,0,0,0.0,196.65789999999103,0.004624,1447,173,2581,5,0.004624,2777.657899999991
q072,laya@0.50,complex,strong,0,0,0.0,198.6250999616459,0.006284,1112,406,4290,5,0.006284,4488.625099961646
q073,laya@0.50,complex,strong,0,0,0.0,195.937899989076,0.007452,1351,475,4060,5,0.007452,4255.937899989076
q074,laya@0.50,complex,strong,0,0,0.0,198.1554999947548,0.004274,1582,111,1583,5,0.004274,1781.1554999947548
q075,laya@0.50,complex,cheap,0,0,0.0,197.44410004932436,0.001627,1162,93,1902,5,0.001627,2099.4441000493243
q076,laya@0.50,complex,cheap,0,0,0.0,194.4332999410108,0.001457,1132,65,1327,3,0.001457,1521.4332999410108
q077,laya@0.50,simple,strong,0,0,0.0,196.4556000893936,0.004592,1096,240,3530,5,0.004592,3726.4556000893936
q078,laya@0.50,simple,strong,0,0,0.0,195.11219998821616,0.006688,1164,436,4628,2,0.006688,4823.112199988216
q079,laya@0.50,complex,strong,0,0,0.0,195.6658000126481,0.003894,1352,119,1953,5,0.003894,2148.665800012648
q080,laya@0.50,simple,cheap,0,0,0.0,193.50609998218715,0.00122,880,68,1838,5,0.00122,2031.5060999821872
q081,laya@0.50,simple,strong,0,0,0.0,194.2969999508932,0.00569,1630,243,3351,5,0.00569,3545.296999950893
q082,laya@0.50,complex,strong,0,0,0.0,196.8697999836877,0.006956,1513,393,4529,5,0.006956,4725.869799983688
q083,laya@0.50,simple,strong,0,0,0.0,195.52990002557635,0.004286,1568,115,2160,5,0.004286,2355.5299000255764
q084,laya@0.50,simple,strong,0,0,0.0,193.1281000142917,0.004318,1484,135,2146,5,0.004318,2339.1281000142917
q085,laya@0.50,complex,cheap,0,0,0.0,199.06180002726612,0.001989,1079,182,2903,3,0.001989,3102.061800027266
q086,laya@0.50,complex,strong,0,0,0.0,193.66360001731664,0.008528,1589,535,14524,5,0.008528,14717.663600017317
q087,laya@0.50,simple,strong,0,0,0.0,194.5490000071004,0.006134,1267,360,3865,2,0.006134,4059.5490000071004
q088,laya@0.50,complex,strong,0,0,0.0,192.61439994443208,0.004882,1391,210,3106,2,0.004882,3298.614399944432
q089,laya@0.50,complex,strong,0,0,0.0,194.6967999683693,0.005556,1393,277,2963,4,0.005556,3157.6967999683693
q090,laya@0.50,complex,strong,0,0,0.0,198.0057000182569,0.006868,1404,406,3799,5,0.006868,3997.005700018257
q091,laya@0.50,complex,strong,0,0,0.0,198.6182000255212,0.010488,1424,764,6355,4,0.010488,6553.618200025521
q092,laya@0.50,complex,strong,0,0,0.0,244.48690004646775,0.009526,1183,716,6177,2,0.009526,6421.486900046468
q093,laya@0.50,complex,strong,0,0,0.0,260.55279991123825,0.0107,1755,719,6408,2,0.0107,6668.552799911238
q094,laya@0.50,complex,strong,0,0,0.0,192.6868000300601,0.007318,1559,420,4530,3,0.007318,4722.68680003006
q095,laya@0.50,complex,strong,0,0,0.0,193.21410008706152,0.005942,1111,372,3974,3,0.005942,4167.2141000870615
q096,laya@0.50,complex,strong,0,0,0.0,193.4179000090808,0.009026,1513,600,5751,3,0.009026,5944.417900009081
q097,laya@0.50,complex,strong,0,0,0.0,194.37079993076625,0.004798,1519,176,2110,4,0.004798,2304.370799930766
q098,laya@0.50,complex,strong,0,0,0.0,193.9089000225067,0.006956,1278,440,4053,5,0.006956,4246.908900022507
q099,laya@0.50,complex,strong,0,0,0.0,192.38219992257652,0.005916,1638,264,2927,5,0.005916,3119.3821999225765
q100,laya@0.50,complex,strong,0,0,0.0,249.70329995267093,0.009028,1769,549,5451,5,0.009028,5700.703299952671
