id,laya_head,minilm_head,length_rule,always_sonnet,always_haiku,laya_zero_shot@0.50,oracle_labels,hindsight_ceiling
q001,1,0,1,0,1,1,1,1
q002,1,1,1,0,1,1,1,1
q003,0,1,1,0,1,0,1,0
q004,1,1,1,0,1,1,1,1
q005,1,1,0,0,1,0,1,1
q006,1,0,1,0,1,0,1,1
q007,1,1,1,0,1,1,1,1
q008,1,1,1,0,1,0,1,1
q009,1,1,0,0,1,0,1,1
q010,1,0,1,0,1,0,1,1
q011,1,0,0,0,1,1,1,1
q012,1,0,1,0,1,1,1,1
q013,0,0,0,0,1,0,1,1
q014,0,1,0,0,1,1,1,1
q015,1,0,1,0,1,0,1,0
q016,0,1,0,0,1,0,1,0
q017,0,0,0,0,1,1,1,1
q018,0,0,0,0,1,0,1,0
q019,0,0,1,0,1,0,1,1
q020,1,0,0,0,1,0,1,1
q021,1,1,0,0,1,1,1,1
q022,1,1,0,0,1,0,1,0
q023,0,0,0,0,1,1,1,1
q024,1,0,1,0,1,0,1,1
q025,1,1,0,0,1,0,1,1
q026,0,0,1,0,1,0,1,1
q027,1,0,0,0,1,1,1,1
q028,1,0,1,0,1,0,1,1
q029,0,1,0,0,1,0,0,1
q030,1,0,1,0,1,1,1,1
q031,1,0,1,0,1,1,1,1
q032,1,1,0,0,1,0,1,1
q033,1,1,0,0,1,0,1,1
q034,0,0,0,0,1,0,0,1
q035,1,1,0,0,1,0,1,1
q036,1,0,0,0,1,0,1,1
q037,0,0,0,0,1,0,0,0
q038,1,0,0,0,1,0,1,1
q039,0,0,0,0,1,0,1,1
q040,1,0,1,0,1,0,1,1
q041,1,1,1,0,1,0,1,1
q042,1,1,1,0,1,0,1,1
q043,1,1,0,0,1,0,1,1
q044,0,1,0,0,1,0,1,0
q045,1,1,0,0,1,0,1,1
q046,0,0,1,0,1,0,1,0
q047,0,1,0,0,1,0,1,1
q048,0,0,0,0,1,0,1,1
q049,0,0,1,0,1,0,1,1
q050,1,0,0,0,1,0,0,0
q051,1,0,0,0,1,0,1,0
q052,0,0,0,0,1,0,1,1
q053,0,0,0,0,1,1,1,1
q054,0,1,0,0,1,1,1,1
q055,0,0,0,0,1,0,1,0
q056,0,1,1,0,1,0,1,1
q057,0,0,0,0,1,0,0,0
q058,0,0,0,0,1,0,1,0
q059,0,0,0,0,1,1,1,0
q060,0,0,1,0,1,0,1,1
q061,0,0,0,0,1,0,0,0
q062,0,0,0,0,1,0,0,0
q063,0,0,0,0,1,0,0,0
q064,0,0,0,0,1,0,0,0
q065,0,0,0,0,1,0,0,0
q066,0,0,0,0,1,0,0,0
q067,0,0,0,0,1,0,0,0
q068,0,0,0,0,1,0,0,0
q069,0,0,0,0,1,0,0,0
q070,0,0,0,0,1,0,0,0
q071,0,1,0,0,1,0,0,1
q072,0,0,0,0,1,0,0,0
q073,0,0,0,0,1,0,0,0
q074,0,0,0,0,1,0,0,0
q075,0,0,0,0,1,1,0,1
q076,1,1,0,0,1,1,0,0
q077,0,0,0,0,1,0,1,0
q078,0,0,0,0,1,0,1,1
q079,0,0,0,0,1,0,0,0
q080,1,0,0,0,1,1,1,1
q081,0,0,0,0,1,0,1,0
q082,0,0,0,0,1,0,0,0
q083,0,0,0,0,1,0,1,1
q084,0,0,0,0,1,0,1,0
q085,0,0,0,0,1,1,0,1
q086,0,0,0,0,1,0,0,0
q087,0,0,0,0,1,0,1,1
q088,0,0,0,0,1,0,0,1
q089,0,0,0,0,1,0,0,1
q090,0,0,0,0,1,0,0,0
q091,0,0,0,0,1,0,0,0
q092,0,0,0,0,1,0,0,1
q093,0,0,0,0,1,0,0,1
q094,0,0,0,0,1,0,0,1
q095,0,0,0,0,1,0,0,0
q096,0,0,0,0,1,0,0,1
q097,0,0,0,0,1,0,0,1
q098,0,0,0,0,1,0,0,0
q099,1,1,0,0,1,0,0,0
q100,0,0,0,0,1,0,0,0
