id,strong_quality,cheap_quality,haiku_ok,strong_cost,cheap_cost
t000,5,3,0,0.004168,0.001589
t001,5,2,0,0.004114,0.001558
t002,5,5,1,0.003986,0.001296
t003,5,4,0,0.003624,0.001288
t004,5,5,1,0.004246,0.001208
t005,5,5,1,0.004702,0.001448
t006,4,4,1,0.003032,0.001062
t007,5,5,1,0.004526,0.001363
t008,2,2,1,0.009394,0.001392
t009,5,4,0,0.004428,0.001538
t010,2,1,0,0.00399,0.001356
t011,5,4,0,0.003618,0.001328
t012,5,4,0,0.004246,0.001763
t013,5,5,1,0.003928,0.001155
t014,5,5,1,0.003954,0.001355
t015,5,4,0,0.00681,0.001328
t016,5,5,1,0.003626,0.001151
t017,5,5,1,0.004838,0.001411
t018,5,5,1,0.003546,0.001133
t019,4,3,0,0.00421,0.001516
t020,4,3,0,0.004044,0.001473
t021,5,5,1,0.003802,0.001465
t022,5,5,1,0.004354,0.0015
t023,4,5,1,0.004492,0.001666
t024,5,5,1,0.00435,0.001478
t025,5,3,0,0.004184,0.001414
t026,4,2,0,0.004894,0.001483
t027,5,4,0,0.004096,0.001603
t028,5,5,1,0.004636,0.001424
t029,5,5,1,0.004876,0.001646
t030,5,5,1,0.004036,0.001288
t031,5,5,1,0.004434,0.001682
t032,5,3,0,0.005628,0.001559
t033,5,5,1,0.004804,0.001676
t034,5,5,1,0.004352,0.001612
t035,2,2,1,0.003908,0.001088
t036,5,4,0,0.004704,0.001421
t037,2,4,1,0.004164,0.001445
t038,5,3,0,0.004578,0.001092
t039,5,5,1,0.004376,0.001357
t040,5,5,1,0.005058,0.001776
t041,2,2,1,0.005978,0.001442
t042,5,4,0,0.006688,0.00137
t043,2,5,1,0.003522,0.001175
t044,5,4,0,0.00335,0.001344
t045,5,3,0,0.003372,0.001301
t046,5,5,1,0.00316,0.001063
t047,5,4,0,0.004384,0.001812
t048,4,5,1,0.004202,0.001374
t049,5,5,1,0.00488,0.001186
t050,5,2,0,0.005784,0.001373
t051,5,5,1,0.004302,0.001648
t052,3,2,0,0.007174,0.001535
t053,5,5,1,0.00516,0.002068
t054,5,5,1,0.00441,0.001609
t055,5,5,1,0.004428,0.001467
t056,4,2,0,0.008326,0.001976
t057,5,5,1,0.004382,0.001453
t058,5,4,0,0.00612,0.001795
t059,5,3,0,0.003632,0.001352
t060,5,5,1,0.003838,0.001305
t061,5,4,0,0.005364,0.00203
t062,2,2,1,0.006504,0.001578
t063,5,4,0,0.005222,0.001319
t064,5,5,1,0.004066,0.001287
t065,4,5,1,0.005998,0.00117
t066,5,3,0,0.006392,0.001441
t067,4,4,1,0.005968,0.001583
t068,5,4,0,0.00477,0.001587
t069,5,1,0,0.007878,0.001472
t070,5,3,0,0.006904,0.001276
t071,5,5,1,0.005918,0.001219
t072,5,3,0,0.00466,0.001803
t073,5,4,0,0.004216,0.001296
t074,5,4,0,0.00431,0.001902
t075,5,4,0,0.005178,0.001516
t076,4,3,0,0.004586,0.001535
t077,5,4,0,0.004464,0.001386
t078,5,4,0,0.004744,0.001745
t079,5,3,0,0.006648,0.001576
t080,5,4,0,0.007642,0.001661
t081,5,5,1,0.004406,0.001643
t082,2,2,1,0.00552,0.001359
t083,1,1,1,0.006088,0.00167
t084,1,1,1,0.004962,0.001649
t085,5,5,1,0.005074,0.001696
t086,5,5,1,0.00564,0.0015
t087,5,4,0,0.004758,0.001553
t088,5,5,1,0.004458,0.001431
t089,5,5,1,0.005926,0.001587
t090,5,3,0,0.00368,0.001249
t091,5,5,1,0.00435,0.001469
t092,2,4,1,0.006158,0.001489
t093,5,2,0,0.007488,0.001603
t094,4,4,1,0.003702,0.001508
t095,5,3,0,0.004034,0.001481
t096,2,2,1,0.005594,0.001537
t097,5,3,0,0.006422,0.001577
t098,5,4,0,0.004992,0.001466
t099,5,4,0,0.007032,0.001378
t100,5,1,0,0.006944,0.001738
t101,5,5,1,0.00389,0.00148
t102,5,4,0,0.004908,0.001814
t103,5,4,0,0.005066,0.002036
t104,5,4,0,0.005236,0.002235
t105,4,3,0,0.004892,0.00148
t106,5,4,0,0.004804,0.001728
t107,5,4,0,0.004324,0.001452
t108,3,2,0,0.004404,0.001268
t109,5,4,0,0.004466,0.001773
t110,5,5,1,0.004136,0.001437
t111,5,5,1,0.00406,0.001363
t112,2,1,0,0.008922,0.001776
t113,5,4,0,0.003958,0.001324
t114,5,5,1,0.00436,0.001543
t115,4,3,0,0.004634,0.001422
t116,5,5,1,0.00354,0.001163
t117,5,5,1,0.003924,0.001276
t118,5,4,0,0.004844,0.001773
t119,5,4,0,0.004668,0.001631
t120,4,5,1,0.00464,0.001555
t121,2,1,0,0.005378,0.001748
t122,4,4,1,0.005398,0.002052
t123,5,2,0,0.004404,0.001498
t124,4,5,1,0.007778,0.001532
t125,5,3,0,0.004562,0.001928
t126,5,4,0,0.004266,0.001594
t127,5,3,0,0.004872,0.001704
t128,2,2,1,0.004312,0.001784
t129,5,4,0,0.003486,0.001242
t130,5,3,0,0.007578,0.00186
t131,5,3,0,0.004514,0.001801
t132,5,2,0,0.004936,0.00178
t133,5,5,1,0.004672,0.001416
t134,5,1,0,0.008338,0.001625
t135,5,2,0,0.00514,0.001334
t136,5,1,0,0.008276,0.001879
t137,5,5,1,0.004872,0.001534
t138,5,4,0,0.005168,0.001846
t139,5,4,0,0.005468,0.001789
t140,5,4,0,0.00822,0.002096
t141,5,5,1,0.003946,0.001292
t142,5,4,0,0.005164,0.00219
t143,5,4,0,0.006602,0.00181
t144,5,4,0,0.007122,0.001472
t145,4,2,0,0.00436,0.001598
t146,5,2,0,0.00705,0.001783
t147,3,3,1,0.003508,0.001215
t148,5,1,0,0.003612,0.001122
t149,5,4,0,0.003996,0.001319
t150,5,1,0,0.007392,0.001185
t151,5,4,0,0.004792,0.001552
t152,5,4,0,0.003634,0.001438
t153,2,2,1,0.005614,0.001374
t154,5,5,1,0.00618,0.001751
t155,5,4,0,0.004532,0.001801
t156,5,4,0,0.004808,0.001567
t157,5,4,0,0.004312,0.001403
t158,5,5,1,0.004188,0.001555
t159,5,5,1,0.004778,0.001645
t160,5,3,0,0.004398,0.001667
t161,5,2,0,0.004554,0.002042
t162,5,4,0,0.004224,0.001716
t163,5,3,0,0.005006,0.001704
t164,5,4,0,0.006566,0.001513
t165,5,4,0,0.003294,0.001395
t166,4,5,1,0.0047,0.001429
t167,4,2,0,0.004832,0.001784
t168,5,5,1,0.004024,0.001537
t169,5,3,0,0.004398,0.001494
t170,5,3,0,0.005312,0.002138
t171,4,4,1,0.005138,0.002019
t172,5,5,1,0.00527,0.002105
t173,5,2,0,0.007702,0.00143
t174,5,1,0,0.006814,0.001907
t175,5,4,0,0.005126,0.001865
t176,5,2,0,0.008084,0.001651
t177,3,2,0,0.006682,0.001206
t178,5,4,0,0.00621,0.001901
t179,4,2,0,0.00734,0.001543
t180,5,2,0,0.005346,0.001939
t181,5,5,1,0.004894,0.001891
t182,4,5,1,0.005392,0.001986
t183,2,2,1,0.006564,0.001716
t184,5,2,0,0.006322,0.001644
t185,5,5,1,0.004368,0.001852
t186,5,3,0,0.004454,0.001669
t187,5,4,0,0.006662,0.001553
t188,5,4,0,0.006174,0.001877
t189,5,3,0,0.006058,0.00178
t190,5,3,0,0.007094,0.001787
t191,4,4,1,0.005462,0.00176
t192,4,5,1,0.004362,0.001633
t193,2,4,1,0.006142,0.001707
t194,5,3,0,0.008504,0.002067
t195,5,4,0,0.009166,0.001805
t196,4,3,0,0.007124,0.001286
t197,5,3,0,0.004118,0.001416
t198,4,3,0,0.008696,0.001517
t199,5,2,0,0.006384,0.001509
t200,5,4,0,0.004098,0.001454
t201,5,4,0,0.00431,0.001426
t202,5,4,0,0.004574,0.001572
t203,5,4,0,0.00496,0.001529
t204,5,4,0,0.004316,0.001707
t205,4,5,1,0.003486,0.001277
t206,5,3,0,0.00937,0.00189
t207,4,3,0,0.00691,0.001824
t208,5,3,0,0.00871,0.001993
t209,5,5,1,0.004508,0.001752
t210,5,4,0,0.00699,0.001642
t211,5,2,0,0.00785,0.00166
t212,3,1,0,0.006724,0.001473
t213,5,4,0,0.004202,0.001774
t214,5,4,0,0.006258,0.001444
t215,3,2,0,0.009268,0.002314
t216,5,4,0,0.004572,0.001839
t217,5,4,0,0.00515,0.001949
t218,5,4,0,0.009448,0.001825
t219,5,3,0,0.007718,0.00161
t220,4,3,0,0.007292,0.001963
t221,5,1,0,0.004838,0.001232
t222,5,2,0,0.00757,0.001835
t223,4,3,0,0.006556,0.001704
t224,5,1,0,0.005718,0.00145
t225,3,3,1,0.00605,0.001777
t226,2,2,1,0.005214,0.001393
t227,5,4,0,0.004352,0.001395
t228,5,4,0,0.00675,0.001488
t229,5,5,1,0.005592,0.001525
t230,4,3,0,0.0089,0.001836
t231,5,4,0,0.004898,0.001597
t232,5,3,0,0.005062,0.001889
t233,5,1,0,0.004752,0.001702
t234,5,3,0,0.00577,0.001631
t235,5,5,1,0.006552,0.001378
t236,4,4,1,0.004874,0.001456
t237,5,4,0,0.00548,0.001757
t238,5,4,0,0.003686,0.001278
t239,5,2,0,0.007946,0.001842
t240,5,5,1,0.005146,0.001371
t241,2,1,0,0.007964,0.001582
t242,4,4,1,0.00451,0.001792
t243,5,5,1,0.004512,0.001867
t244,5,5,1,0.004656,0.001435
t245,5,5,1,0.003918,0.00147
t246,5,5,1,0.00428,0.001441
t247,5,2,0,0.004748,0.001557
t248,5,3,0,0.00491,0.001824
t249,5,3,0,0.00403,0.001568
t250,5,5,1,0.004464,0.001404
t251,5,5,1,0.006382,0.001537
t252,5,4,0,0.00412,0.001336
t253,5,3,0,0.005074,0.001681
t254,5,4,0,0.004226,0.00164
t255,5,3,0,0.005156,0.001565
t256,5,4,0,0.006004,0.001696
t257,2,2,1,0.005252,0.001475
t258,4,4,1,0.009312,0.001675
t259,5,3,0,0.003816,0.001344
t260,5,4,0,0.003724,0.001192
t261,1,1,1,0.005854,0.001599
t262,3,2,0,0.005884,0.001428
t263,5,2,0,0.00621,0.001583
t264,3,2,0,0.006668,0.001785
t265,3,2,0,0.008032,0.00146
t266,5,4,0,0.003968,0.001349
t267,5,3,0,0.009488,0.001782
t268,5,2,0,0.00609,0.001707
t269,5,3,0,0.007482,0.001793
