threshold,total_cost,mean_quality,quality_simple,quality_complex,share_strong,complex_to_cheap,simple_to_strong,complex_quality_gap_vs_strong,recommended
0.3,0.511179,4.61,4.790322580645161,4.315789473684211,0.98,1,61,0.05263157894736814,False
0.35,0.503679,4.61,4.790322580645161,4.315789473684211,0.96,1,59,0.05263157894736814,False
0.4,0.489808,4.61,4.790322580645161,4.315789473684211,0.91,1,54,0.05263157894736814,False
0.45,0.476403,4.61,4.790322580645161,4.315789473684211,0.86,1,49,0.05263157894736814,False
0.5,0.45605399999999996,4.6,4.774193548387097,4.315789473684211,0.8,3,45,0.05263157894736814,True
0.55,0.404302,4.43,4.693548387096774,4.0,0.65,10,37,0.36842105263157876,False
0.6,0.318322,4.26,4.629032258064516,3.6578947368421053,0.41,18,21,0.7105263157894735,False
0.65,0.272325,4.13,4.516129032258065,3.5,0.27,23,12,0.8684210526315788,False
0.7,0.216505,4.03,4.5,3.263157894736842,0.14,29,5,1.1052631578947367,False
0.75,0.17528600000000003,3.94,4.419354838709677,3.1578947368421053,0.06,34,2,1.2105263157894735,False
0.8,0.15456,3.91,4.419354838709677,3.0789473684210527,0.0,38,0,1.289473684210526,False
