query_id,model_side,label,score_run1,score_run2,judge_rescore_run1,cost_run1,cost_run2
q010,strong,simple,5,5,5,0.00335,0.00335
q003,strong,simple,5,5,5,0.003596,0.003596
q020,strong,simple,5,5,5,0.005588,0.005558
q022,strong,simple,5,5,5,0.00411,0.00411
q023,strong,simple,5,5,5,0.004932,0.004942
q031,strong,simple,5,5,5,0.003986,0.004436
q039,strong,simple,5,5,5,0.003126,0.003526
q042,strong,simple,5,5,5,0.003784,0.003704
q045,strong,simple,5,5,5,0.004142,0.003992
q051,strong,simple,5,5,4,0.004692,0.005292
q060,strong,simple,5,5,5,0.004306,0.004256
q065,strong,complex,5,5,5,0.007692,0.007382
q071,strong,complex,5,5,5,0.004624,0.004944
q078,strong,simple,2,2,2,0.006688,0.005948
q079,strong,complex,5,5,5,0.003894,0.003744
q089,strong,complex,4,4,4,0.005556,0.005496
q091,strong,complex,4,4,4,0.010488,0.010758
q092,strong,complex,2,2,3,0.009526,0.009346
q097,strong,complex,4,3,5,0.004798,0.005058
q100,strong,complex,5,5,5,0.009028,0.008658
q010,cheap,simple,5,5,5,0.001407,0.001412
q003,cheap,simple,4,4,4,0.001307,0.001207
q020,cheap,simple,5,4,5,0.001257,0.001272
q022,cheap,simple,4,5,5,0.001383,0.001428
q023,cheap,simple,5,5,5,0.001487,0.001487
q031,cheap,simple,5,5,5,0.00145,0.001505
q039,cheap,simple,5,5,5,0.001139,0.001099
q042,cheap,simple,5,5,5,0.001368,0.001388
q045,cheap,simple,5,5,5,0.001641,0.001516
q051,cheap,simple,4,5,5,0.001507,0.001402
q060,cheap,simple,5,5,5,0.001414,0.001344
q065,cheap,complex,2,2,2,0.001819,0.001869
q071,cheap,complex,5,5,4,0.001598,0.001883
q078,cheap,simple,2,2,3,0.001561,0.001521
q079,cheap,complex,4,2,5,0.001468,0.001513
q089,cheap,complex,4,4,5,0.001427,0.001382
q091,cheap,complex,3,2,3,0.002198,0.002398
q092,cheap,complex,2,2,2,0.001687,0.001622
q097,cheap,complex,4,4,4,0.001881,0.001806
q100,cheap,complex,2,2,2,0.002297,0.002272
