id,supported,answers_question,unsupported_claims
q001,True,True,[]
q002,True,True,[]
q003,True,True,[]
q004,True,True,[]
q005,True,True,[]
q006,True,True,[]
q007,True,True,[]
q008,True,True,[]
q009,True,True,[]
q010,True,True,[]
q011,True,True,[]
q012,True,True,[]
q013,True,True,[]
q014,True,True,[]
q015,True,True,[]
q016,True,True,[]
q017,True,True,[]
q018,True,True,[]
q019,True,True,[]
q020,True,True,[]
q021,True,True,[]
q022,True,True,[]
q023,True,True,[]
q024,True,True,[]
q025,True,True,[]
q026,True,True,[]
q027,True,True,[]
q028,True,True,[]
q029,True,True,[]
q030,True,True,[]
q031,True,True,[]
q032,True,True,[]
q033,True,True,[]
q034,True,True,[]
q035,True,True,[]
q036,True,True,[]
q037,True,True,[]
q038,True,True,[]
q039,True,True,[]
q040,True,True,[]
q041,True,True,[]
q042,True,True,[]
q043,True,True,[]
q044,True,True,[]
q045,True,True,[]
q046,True,True,[]
q047,True,True,[]
q048,True,True,[]
q049,True,True,[]
q050,True,True,[]
q051,True,True,[]
q052,True,True,[]
q053,True,True,[]
q054,True,True,[]
q055,True,True,[]
q056,True,True,[]
q057,True,True,[]
q058,True,True,[]
q059,True,True,[]
q060,True,True,[]
q061,True,True,[]
q062,True,True,[]
q063,True,True,[]
q064,True,True,[]
q065,True,True,[]
q066,True,True,[]
q067,True,True,[]
q068,True,True,[]
q069,True,True,[]
q070,True,True,[]
q071,True,True,[]
q072,True,True,[]
q073,True,True,[]
q074,True,True,[]
q075,True,True,[]
q076,True,True,[]
q077,True,True,[]
q078,True,True,[]
q079,True,True,[]
q080,True,True,[]
q081,True,True,[]
q082,True,True,[]
q083,True,True,[]
q084,True,True,[]
q085,True,True,[]
q086,True,True,[]
q087,True,True,[]
q088,True,True,[]
q089,True,True,[]
q090,True,True,[]
q091,True,True,[]
q092,True,True,[]
q093,True,True,[]
q094,True,True,[]
q095,True,True,[]
q096,True,True,[]
q097,True,True,[]
q098,True,True,[]
q099,True,True,[]
q100,True,True,[]
c01.t1,True,True,[]
c01.t2,True,True,[]
c01.t3,True,True,[]
c01.t4,True,True,[]
c02.t1,True,True,[]
c02.t2,True,True,[]
c02.t3,True,True,[]
c02.t4,True,True,[]
c03.t1,True,True,[]
c03.t2,True,True,[]
c03.t3,True,True,[]
c03.t4,True,True,[]
c04.t1,True,True,[]
c04.t2,True,True,[]
c04.t3,True,True,[]
c04.t4,True,True,[]
c05.t1,True,True,[]
c05.t2,True,True,[]
c05.t3,True,True,[]
c05.t4,True,True,[]
c05.t5,True,True,[]
c06.t1,True,True,[]
c06.t2,True,True,[]
c06.t3,True,True,[]
c07.t1,True,True,[]
c07.t2,True,True,[]
c07.t3,True,True,[]
c08.t1,True,True,[]
c08.t2,True,True,[]
c08.t3,True,True,[]
c08.t4,True,True,[]
c09.t1,True,True,[]
c09.t2,True,True,[]
c09.t3,True,True,[]
c09.t4,True,True,[]
c09.t5,True,True,[]
c10.t1,True,True,[]
c10.t2,True,True,[]
c10.t3,True,True,[]
c10.t4,True,True,[]
