id,query,reference_answer,category,style,max_sim_to_test
t000,what does an order number look like? i can't find mine,"Order numbers are ""LF-"" followed by six digits, e.g. LF-204518.",orders,0,0.83504826
t001,Can I change the shipping address after my order has shipped?,"No. The address can't be changed after shipping, and couriers don't accept redirection requests from Leafy.",orders,0,0.636317
t002,"I'm 16, can I make an account?",No. Customers must be 18 or older to hold an account.,account,0,0.6340717
t003,Do gift notes cost extra? How long can they be?,"Gift notes are free and printed, up to 200 characters. Prices are never printed on gift packing slips.",orders,0,0.54146576
t004,How many days do I have to return a pot?,"Non-living items like pots can be returned within 30 days of delivery, unused and in original packaging.",returns,0,0.55030787
t005,Can I send back a plant because I changed my mind?,No. Live plants can't be returned for change of mind. Plant problems go through the Plant Care Guarantee or Damaged on Arrival.,returns,0,0.78295636
t006,How long is the return label valid?,"Prepaid return labels expire after 7 days, so drop the parcel off within 7 days.",returns,0,0.8972808
t007,What's the fee if I return something just because I don't like it?,"Change-of-mind returns cost a flat $6.95, deducted from the refund. It's free for Leafy Plus members.",returns,0,0.5868877
t008,Can I swap my pot for a bigger one directly?,No direct exchanges. Return the item and place a new order.,returns,0,0.4318353
t009,How fast do refunds come after you get my return?,"Refunds are issued within 5 business days of the return reaching our warehouse, to the original payment method.",refunds,0,0.8745284
t010,Extra charge for a really tall plant?,XL plants (usually over 4 ft) add a $20 handling fee and ship Standard only.,shipping,0,0.61969507
t011,Do you ship to Canada?,No. Leafy does not ship internationally.,shipping,0,0.7323665
t012,My tracking hasn't updated in 4 business days. What now?,"Contact support. We'll open a courier investigation of up to 5 business days. If lost, you choose a free replacement or a full refund.",shipping,0,0.87679595
t013,How long is the plant guarantee?,"30 days from delivery, or 90 days for Leafy Plus members on plants ordered while the membership is active.",guarantee,0,0.8393769
t014,Do I need to mail back my dead plant to claim the guarantee?,"No. The plant doesn't need to be sent back. Claim from ""My Orders"" with at least two photos (whole plant and close-up).",guarantee,0,0.7566644
t015,One of my plant's older leaves went yellow after a week. Is that covered?,Not on its own. Yellowing of one or two older leaves in the first two weeks is normal transplant stress.,guarantee,0,0.597618
t016,How long until a specialist reviews my guarantee claim?,A Plant Care Specialist reviews within 2 business days.,guarantee,0,0.7599839
t017,How long do I have to report a plant that arrived with a snapped stem?,"Within 48 hours of delivery, with photos of the item and the box.",damaged,0,0.71460813
t018,Is a few loose soil and some bent leaves considered damage?,No. A few bent leaves or loose soil is normal and not damage.,damaged,0,0.4099345
t019,You sent me the wrong plant. Do I have to send it back?,"No. A wrong live plant can be kept at no charge, and we ship the correct item free by Express where the zone allows.",damaged,0,0.7093956
t020,My $25 pot arrived cracked. Do I need to return it?,Items under $40 usually don't need to be sent back. You'll get a replacement or refund; report within 48 hours with photos.,damaged,0,0.8893144
t021,What payment methods do you take? Can I pay by bank transfer?,"Credit and debit cards, digital wallets at checkout, and Leafy gift cards. No cash, cheques or bank transfers. Buy-now-pay-later is available on $50–$1,000 orders.",payments,0,0.7807815
t022,When is my card actually charged?,Cards are authorised at checkout and charged when the order ships.,payments,0,0.670141
t023,I cancelled my order but there's still a pending charge. When will it go away?,A pending authorisation on a cancelled order drops off in 3–7 business days depending on the bank. Leafy can't release it faster.,payments,0,0.80485755
t024,Can you refund me to a different card than I paid with?,"No. Refunds go only to the original payment method. Alternatively you can take Leafy store credit, issued instantly.",refunds,0,0.697063
t025,How long does a refund take to hit a digital wallet?,"Digital wallet refunds take 3–5 business days (cards 5–10 business days, store credit instant).",refunds,0,0.72298646
t026,The price dropped 3 days after I bought. Can I get the difference?,"Yes, within 7 days of purchase the difference is given as store credit, once per item, excluding flash sales and clearance.",refunds,0,0.5445329
t027,Do gift cards expire? Can I cash one out?,Gift cards ($25–$500) never expire and are not refundable for cash.,payments,0,0.80155486
t028,When does Plant Club bill me?,On the 25th of the previous month; boxes ship in the first full week of the month.,subscriptions,0,0.6958644
t029,Is there a fee to cancel Plant Club?,No cancellation fee or minimum term. An already-billed box is not refunded and is still sent.,subscriptions,0,0.76113176
t030,How long can I pause my subscription?,"Up to 3 months, from ""Account"" > ""Subscriptions"".",subscriptions,0,0.7313627
t031,What does Leafy Plus cost and what do I get?,"$59/year, auto-renews: free Standard shipping with no minimum, free change-of-mind returns, 90-day guarantee, 10% off pots and accessories, early access to rare drops. No free Express.",membership,0,0.8723339
t032,I just joined Leafy Plus yesterday and haven't used anything. Can I get a refund?,Yes. A full refund is available if cancelled within 14 days of purchase or renewal and no benefits have been used.,membership,0,0.7601762
t033,Do you have a phone number I can call?,No phone support. Use chat (8am–8pm Mon–Sat) or email help@leafy.example (answered within 1 business day).,contact,0,0.8952848
t034,When are the plant specialists available on chat?,"9am–5pm Mon–Fri, in your local time. Anyone can get free care advice by chat or email.",contact,0,0.7296957
t035,My dog chewed a pothos leaf!,Contact your vet or local poison control immediately. Pothos is not pet-safe. We'll then escalate to a Support Lead.,escalation,0,0.6304705
t036,What's the most you can give me as goodwill credit for a late delivery?,Agents can offer a one-time store credit of up to $15; more needs a Support Lead. Goodwill is never cash.,contact,0,0.4455788
t037,Can you change the email on my account for me?,No. Support can't change an account email over chat; you change it yourself after logging in.,account,0,0.8050704
t038,Is a calathea safe for cats?,"Yes, calathea is on the pet-safe list (along with spider plant, parlour palm, Boston fern, peperomia).",plant_safety,0,0.56288147
t039,"When can I repot my new plant, and how often should I water?","Don't repot for 2–3 weeks, and keep out of direct sun the first week. Water only when the top inch of soil is dry.",plant_safety,0,0.49415308
t040,can i cancel my order i just placed,"Yes, free within 2 hours of ordering from My Orders. After that it's in the packing queue and support can try to intercept but it's not guaranteed.",orders,1,0.7582388
t041,ordered 3 hrs ago can i still change it,Not online; after 2 hours it's in the packing queue. Support can try to intercept before shipping but it's not guaranteed.,orders,1,0.52788717
t042,cant change address its shipped already,"Sorry, the shipping address can't be changed after shipping, and couriers don't accept redirection requests from Leafy.",orders,1,0.63303745
t043,how old do i need to be for an account,You must be 18 or older to hold an account.,account,1,0.8944156
t044,do u print prices on gift slips,"No, prices are never printed on gift packing slips. Gift orders get a free printed gift note up to 200 characters.",orders,1,0.577247
t045,gift note max length?,"Up to 200 characters, free on gift orders.",orders,1,0.42779818
t046,does the plant come with a decorative pot,Plants ship in plastic nursery pots with drainage holes. Decorative pots are sold separately unless the listing says 'potted'.,orders,1,0.883327
t047,item i ordered is out of stock what now,"We email within 24 hours offering a similar plant of equal or higher value, a wait of up to 14 days, or a refund for that item. No reply within 3 days means an automatic refund.",orders,1,0.5930443
t048,can i return a plant i dont like it anymore,"No, live plants can't be returned for change of mind. Plant problems go through the Plant Care Guarantee or Damaged on Arrival.",returns,1,0.79787767
t049,return window for pots,"30 days from delivery, unused and in original packaging.",returns,1,0.5570332
t050,my return label expired,"Labels expire after 7 days. The KB doesn't say how to get a new one, so I'd offer to escalate/check with the team.",returns,1,0.7548765
t051,how much is return shipping if i change my mind,"A flat $6.95 deducted from the refund, free for Leafy Plus members.",returns,1,0.6604595
t052,can i exchange a pot for a different size,No direct exchanges: return the item and place a new order.,returns,1,0.4553082
t053,shipping cost?,"Standard is $7.95 (free on $75+ after discounts, before tax); Express is $14.95.",shipping,1,0.72127855
t054,is express free with leafy plus,"No, Express is never free, including for Leafy Plus.",shipping,1,0.8376583
t055,what days do plants ship,Live plants ship Monday–Wednesday only.,shipping,1,0.8885412
t056,ordered plant thursday when will it ship,Plant orders placed after 12 noon Wednesday ship the next Monday.,shipping,1,0.727083
t057,extra fee for big plants?,XL plants (usually over 4 ft) add a $20 handling fee and ship Standard only.,shipping,1,0.8361069
t058,express to zone 3 pls,"Express isn't available in Zone 3 (over 1,000 miles, remote and island addresses); Standard takes 5–8 business days.",shipping,1,0.4890797
t059,can u ship to canada,"No, Leafy doesn't offer international shipping.",shipping,1,0.63280225
t060,can plants go to a po box,"No, PO boxes are for non-living items only.",shipping,1,0.8752991
t061,it says delivered but nothing here,"Contact support; we open a courier investigation of up to 5 business days. If lost, choose a free replacement or full refund.",shipping,1,0.65681154
t062,why is my plant order on hold its freezing,"If transit forecasts are below 35°F or above 95°F, plants may be held up to 7 days and you're emailed. You can waive the hold by replying, but then cold/heat damage isn't covered.",shipping,1,0.6389781
t063,2 leaves went yellow is that covered,Yellowing of one or two older leaves in the first two weeks is normal transplant stress and not covered on its own.,guarantee,1,0.55193853
t064,how many photos for a claim,"At least two photos: whole plant and close-up, submitted from My Orders. A specialist reviews within 2 business days.",guarantee,1,0.8598685
t065,do i have to send the dead plant back,"No, the plant does not need to be sent back.",guarantee,1,0.61685
t066,my replacement plant died too,"A replacement has its own new 30-day guarantee, so it can be replaced once more. The plant sent as that second replacement has no guarantee.",guarantee,1,0.74849373
t067,i repotted day 5 in my own soil and it died covered?,"No, repotting into non-Leafy soil in the first 14 days isn't covered.",guarantee,1,0.5951843
t068,box arrived stem snapped in half,Sorry! Report within 48 hours of delivery with photos of the plant and box. You get a free replacement on the next plant shipping day or a refund.,damaged,1,0.6252202
t069,"got my order 3 days ago pot was cracked, too late?","DOA reports must be within 48 hours of delivery. For plants, after that it goes through the Plant Care Guarantee; for a non-living item the KB doesn't give a later option, so I'd offer to escalate.",damaged,1,0.6959567
t070,you sent the wrong plant,"Sorry about that. We ship the correct item free by Express (where zone allows) with a free return label, and a wrong live plant can be kept at no charge.",damaged,1,0.56622154
t071,few bent leaves on arrival is that damage,"No, a few bent leaves or loose soil is normal and not damage.",damaged,1,0.41367975
t072,charged twice for one order,"First check whether one is a pending authorisation. If both posted, send the order number and last four card digits; the duplicate is refunded within 3 business days of confirmation. Never share the full card number, security code or password.",payments,1,0.6964633
t073,buy now pay later limits,"Available on orders of $50–$1,000.",payments,1,0.7788508
t074,cancelled order but money still pending,A pending authorisation drops off in 3–7 business days depending on the bank; Leafy can't release it faster.,payments,1,0.68244255
t075,my old card was closed can refund go to new card,"Refunds go only to the original payment method, never a different card. The bank normally passes it to the replacement card. Alternatively you can take instant Leafy store credit.",refunds,1,0.62019473
t076,price dropped 3 days after i bought can i get the diff,"Yes, within 7 days the difference is given as store credit, once per item, excluding flash sales and clearance.",refunds,1,0.4757694
t077,lost my gift card code,Lost codes are reissued if the purchaser gives the gift card order number.,payments,1,0.8299302
t078,when does plant club charge me,On the 25th of the previous month; boxes ship in the first full week of the month.,subscriptions,1,0.7991501
t079,cancel plant club on the 26th will i still get next box,"Changes on or after the 25th apply to the following month's box, so the already-billed box is not refunded and is still sent. No cancellation fee.",subscriptions,1,0.7859638
t080,leafy plus refund? bought it 10 days ago havent used anything,"Yes, full refund if cancelled within 14 days of purchase or renewal and no benefits have been used.",membership,1,0.71252465
t081,do you have a phone number,"No phone support. Chat is 8am–8pm Mon–Sat, email help@leafy.example is answered within 1 business day.",contact,1,0.88317716
t082,my dog ate some of my pothos what do i do,Contact your vet or local poison control immediately. Pothos isn't pet-safe. Then we'll escalate to a human Support Lead.,plant_safety,1,0.4795757
t083,I ordered a $68 plant and a $10 pot. Do I get free shipping?,"Yes. Total is $78, which is over the $75 threshold, so Standard shipping is free (after discounts, before tax).",shipping,2,0.8208143
t084,My order is $80 but I have a $10 promo code. Will shipping still be free?,No. Free Standard shipping requires $75+ after discounts; $70 after the code means $7.95 Standard shipping applies.,shipping,2,0.852875
t085,I placed an order 3 hours ago and want to cancel. Can I do it in My Orders?,"No, the free online change/cancel window is 2 hours. Support can try to intercept it before it ships, but that isn't guaranteed.",orders,2,0.8097557
t086,I ordered a plant on Wednesday at 3pm. When will it ship?,"Live plants ship Mon–Wed, and orders after 12 noon Wednesday ship the next Monday.",shipping,2,0.7744416
t087,"I live 1,200 miles from your greenhouse. Can I get express shipping on a plant?","No. Over 1,000 miles is Zone 3, where Express isn't available. Standard takes 5–8 business days.",shipping,2,0.63867944
t088,I'm a Leafy Plus member. Can I get free Express shipping on my order?,"No. Plus gives free Standard shipping with no minimum, but Express is $14.95 and never free.",membership,2,0.8993052
t089,I want an XL 5 ft fiddle leaf fig with Express shipping. How much extra will that cost?,"XL plants ship Standard only, so Express isn't possible. XL adds a $20 handling fee.",shipping,2,0.6446563
t090,"I bought a bag of soil 10 days ago, opened it, and changed my mind. Can I return it?","No. Opened soil can't be returned unless it's faulty, even within the 30-day window.",returns,2,0.8477385
t091,I got a ceramic pot 25 days ago and don't like the color. It's unused and in the box. What will the return cost me?,"It's within 30 days, so it's returnable. Change-of-mind returns cost a flat $6.95 deducted from the refund (free for Leafy Plus members).",returns,2,0.68366784
t092,I got my return label 9 days ago and haven't dropped off the parcel yet. Is it still OK?,No. Labels expire after 7 days. Start a new return from My Orders if still within the 30-day window.,returns,2,0.7591923
t093,My monstera arrived 3 days ago with a snapped main stem. Can I get a replacement?,"DOA must be reported within 48 hours of delivery. At 3 days, it goes through the Plant Care Guarantee, with photos, within 30 days, reviewed in 2 business days.",damaged,2,0.7877079
t094,My plant was delivered yesterday and the pot is cracked and the roots are exposed. What do I do?,Report it within 48 hours with photos of the plant and box. You get a free replacement on the next plant shipping day or a refund.,damaged,2,0.63874054
t095,A $30 glass pot arrived smashed. Do I have to send it back?,Report within 48 hours with photos. Replacement or refund; items under $40 usually don't need to be sent back.,damaged,2,0.79953074
t096,"You sent me a pothos but I ordered a peperomia. Can I keep it, and when do I get the right one?",A wrong live plant can be kept at no charge. The correct item ships free by Express where the zone allows.,damaged,2,0.86430854
t097,My plant was delivered 35 days ago and is now dying. Can I claim under the guarantee?,"Not on a standard 30-day guarantee. If you're a Leafy Plus member and the plant was ordered while active, the guarantee is 90 days.",guarantee,2,0.74339414
t098,I'm Leafy Plus and my plant arrived 60 days ago and now has root rot. Am I covered?,"Yes, if the plant was ordered while the membership was active, since the guarantee is 90 days. Submit a claim in My Orders with two photos.",guarantee,2,0.7073455
t099,I repotted my plant into other soil on day 7 and it died on day 20. Will you replace it?,Not covered: repotting into non-Leafy soil in the first 14 days is excluded. Escalation might be possible if you insist.,guarantee,2,0.59629065
t100,My replacement plant died too after 20 days. Will you replace it again?,"Yes. A replacement has its own new 30-day guarantee, so it can be replaced once more. That second replacement has no guarantee.",guarantee,2,0.7976223
t101,What do I need to include in a plant guarantee claim and how long until I hear back?,Claim from My Orders with at least two photos (whole plant and close-up). A specialist reviews within 2 business days. The plant doesn't need to be returned.,guarantee,2,0.7612941
t102,A weather hold was emailed to me and I waived it. My plant arrived frozen. Can I claim?,"No. Cold or heat damage in transit isn't covered once the hold is waived, and DOA claims for it aren't accepted.",guarantee,2,0.74666333
t103,Item out of stock after I ordered. I didn't reply to your email for 3 days. What happened?,"With no reply within 3 days, the item is automatically refunded.",orders,2,0.69664145
t104,I canceled an order an hour after placing it but my bank still shows a charge. Is that a double charge?,"Likely a pending authorisation, which drops off in 3–7 business days depending on the bank. Leafy can't release it faster.",payments,2,0.72540087
t105,I see two charges for order LF-204518 and both have posted. What do you need from me?,"Send the order number and last four card digits only (never full number, CVV or password). The duplicate is refunded within 3 business days of confirmation. Suspected disputes may be escalated.",payments,2,0.53498757
t106,My card was replaced after my refund was issued. Can you send it to my new card?,No. Refunds go only to the original payment method; the bank normally passes it to the replacement card. Store credit is an instant alternative.,refunds,2,0.59815776
t107,How long will a refund take if I paid with a digital wallet versus a card?,"Digital wallets take 3–5 business days; cards take 5–10 business days, once issued. Store credit is instant.",refunds,2,0.76929086
t108,I returned a pot and it reached your warehouse Monday. When will I get my refund?,"Refunds are issued within 5 business days of arrival, then card timing of 5–10 business days (3–5 for wallets) applies.",refunds,2,0.736255
t109,I bought a $40 plant 5 days ago and it's now $32. Can I get the difference?,"Yes, within 7 days: $8 as store credit, once per item, unless it was a flash sale or clearance item.",payments,2,0.6986794
t110,Can I use a promo code and my Leafy Plus discount on the same pot?,No. They can't be combined on the same item; the better discount applies automatically. Only one promo code per order.,payments,2,0.7844223
t111,Can I use buy-now-pay-later on a $40 order? What about $600?,"BNPL is available on orders of $50–$1,000, so not $40 but yes for $600.",payments,2,0.792004
t112,"I have a Collector plan and want to cancel today, the 26th. Will I be charged next month?",Changes on or after the 25th apply to the following month's box. The already-billed box ($49) is not refunded and is still sent. There's no cancellation fee.,subscriptions,2,0.657289
t113,"If I switch from Starter to Collector on the 20th, which box is affected?","Changes before the 25th affect the next box, so next month's box will be Collector at $49.",subscriptions,2,0.6628459
t114,What's the longest I can pause Plant Club and where do I do it?,"Up to 3 months, from Account > Subscriptions.",subscriptions,2,0.6039779
t115,I bought Leafy Plus 5 days ago and haven't used anything. Can I get my $59 back?,"Yes, a full refund if cancelled within 14 days with no benefits used.",membership,2,0.7989918
t116,"I have a cat. Is a ZZ plant OK, or should I get a spider plant?",ZZ plant is not pet-safe; spider plant is pet-safe.,plant_safety,2,0.76740485
t117,My dog just chewed a pothos leaf. What should I do?,Contact your vet or local poison control immediately. We will then escalate to a human Support Lead.,escalation,2,0.61566204
t118,I want a $200 refund for a damaged order and I'm really upset. Who handles this?,A refund over $150 requires escalation to a human Support Lead. We'll escalate.,escalation,2,0.5093843
t119,My delivery was late. Can you give me a $25 credit as an apology?,Agents can offer one-time goodwill store credit up to $15; more needs a Support Lead. Goodwill is never cash.,contact,2,0.45917886
t120,"What are your chat hours, and can I call someone on Sunday?",Chat is 8am–8pm Mon–Sat. There's no phone support. Email help@leafy.example is answered within 1 business day.,contact,2,0.5365415
t121,I'm trying to reach a plant specialist on Saturday at 10am. Are they available?,"No. Plant Care Specialists chat 9am–5pm Mon–Fri. Email is an option, or the general chat is open Saturday.",contact,2,0.7160443
t122,I think someone logged into my account and placed an order. What now?,Reset your password immediately; support escalates the possible unauthorised access.,account,2,0.7152321
t123,I'm 17 and want to open an account to buy succulents. Is that fine?,No. Customers must be 18 or older to hold an account.,account,2,0.5130492
t124,I want a plant delivered to my PO box with a $20 pot.,Live plants can't ship to PO boxes; only non-living items can. The pot alone could go there.,shipping,2,0.66358185
t125,"My gift card code is lost. How can I get it back, and can I cash it out instead?",The purchaser can give the gift card order number to have it reissued. Gift cards are not refundable for cash.,payments,2,0.75393045
t126,I ordered a gift and want to write a 250-character note. Will the price be on the slip?,"Gift notes are up to 200 characters, so it needs shortening. Prices are never printed on gift packing slips.",orders,2,0.38684094
t127,I ordered the wrong address and it already shipped. Can you redirect the courier?,No. The address can't be changed after shipping and couriers don't accept redirection requests from Leafy.,multi_issue,2,0.7002112
t128,This is the third time I've asked about my missing refund and nobody fixed it. Also can you ship internationally to my sister in Canada?,The same issue raised three or more times is escalated to a Support Lead. There's no international shipping.,multi_issue,2,0.5915652
t129,I ordered a fiddle leaf fig 90 minutes ago (LF-310442) and just realized I put the wrong address. Can I fix it?,"Yes. Within 2 hours of ordering you can change or cancel free from ""My Orders"". Do it now before the 2-hour window closes.",orders,3,0.6587607
t130,I placed order LF-208871 yesterday afternoon and need to change the shipping address. It hasn't shipped yet. Can you do it?,"After 2 hours the order is in the packing queue and can't be changed online. Support can try to intercept it before it ships, but that isn't guaranteed. Offer to try or escalate.",orders,3,0.64392054
t131,My order shipped this morning but I'm moving tomorrow. Can you redirect it to my new address?,"No. The address can't be changed after shipping, and couriers don't accept redirection requests from Leafy.",orders,3,0.75493324
t132,"I bought a $34 ceramic pot, delivered 12 days ago, never used, still in its box. I just don't like the colour. I'm a Leafy Plus member. What happens if I return it?","Eligible: non-living, unused, original packaging, within 30 days. Change-of-mind return is free for Leafy Plus members. Start it from ""My Orders""; the label is emailed and expires after 7 days. Refund within 5 business days of the item reaching the warehouse.",returns,3,0.71338093
t133,"Same pot situation but I'm not a Plus member: bought a $34 pot 12 days ago, unused, want to return for change of mind. What do I get back?","Eligible within 30 days. A flat $6.95 return fee is deducted, so the refund is $27.05 (item price only). Refunded to the original payment method within 5 business days of reaching the warehouse.",returns,3,0.6156814
t134,I opened a bag of potting soil last week and it turns out it's the wrong type for my cactus. Can I send it back? Delivered 8 days ago.,"Opened soil can't be returned unless faulty. Change of mind on opened soil isn't eligible. If it was faulty or the wrong item was shipped, that's different.",returns,3,0.5702395
t135,I got my return label 9 days ago for a grow light and haven't dropped it off yet. Is it still good?,No. Labels expire after 7 days. The KB doesn't say how to get a new one; offer to escalate or contact support to check.,returns,3,0.63439864
t136,"I live 1,200 miles from your greenhouses. I ordered a $62 pothos and a $10 pot on a Tuesday. How much is shipping and how long will it take?","Zone 3: Standard 5–8 business days, Express not available. Total $72 is under $75, so Standard shipping is $7.95. Plants ship Mon–Wed, so Tuesday orders ship that week.",shipping,3,0.67410076
t137,"I'm in zone 1 and want Express for a $120 order. I'm a Leafy Plus member so it's free, right?","No. Express is $14.95 and never free, including for Leafy Plus. It would arrive next business day after shipping in zone 1. Plus gives free Standard.",shipping,3,0.7111782
t138,I want a 5 ft rubber plant with express shipping to zone 2. Possible? What are the extra fees?,"XL plants (usually over 4 ft) add a $20 handling fee and ship Standard only, so Express isn't available for it. Standard shipping is $7.95 unless the order is $75+.",shipping,3,0.6030887
t139,Tracking for my order hasn't updated in 3 business days. Should I be worried?,Not yet. Tracking can take up to 24 hours to update; contact support if it hasn't moved for 4 business days. Then a courier investigation (up to 5 business days) opens.,shipping,3,0.6348902
t140,I got an email that my plants are on a weather hold because of a forecast of 20°F. Can I just waive it and have them shipped now? What risk do I take?,"Yes, you can waive by replying. The Plant Care Guarantee still applies except for cold or heat damage in transit, and DOA claims for cold or heat damage won't be accepted. Otherwise holds can last up to 7 days.",shipping,3,0.72810495
t141,Can you ship a snake plant to my PO box?,No. Live plants can't be shipped to PO boxes. PO boxes are for non-living items only.,shipping,3,0.743449
t142,My monstera got delivered 20 days ago and now has stem rot and lost half its leaves. I'm not a Plus member. Can I get help?,"Yes, within the 30-day guarantee. Stem rot and losing over a third of leaves qualify. Claim from ""My Orders"" with at least two photos (whole plant and close-up). A specialist reviews within 2 business days. One free replacement; no need to send the plant back.",guarantee,3,0.5637442
t143,My calathea arrived 45 days ago and is dying. I'm a Plus member but I joined 10 days ago. Am I covered by the 90-day guarantee?,"Only if the plant was ordered while the membership was active. If it was ordered before joining, the standard 30-day guarantee applies and it's expired. Plus 90 days applies only to plants ordered during membership.",guarantee,3,0.5574442
t144,My peperomia arrived 5 days ago and two of the bottom leaves went yellow. Can I get a replacement?,Probably not on its own. Yellowing of one or two older leaves in the first two weeks is normal transplant stress and not covered. Keep it out of direct sun and water only when the top inch is dry. Claim if it declines significantly.,guarantee,3,0.61440337
t145,I repotted my ZZ plant into supermarket soil on day 6 and it's now drooping. Will the guarantee replace it?,Likely not. Repotting into non-Leafy soil in the first 14 days isn't covered. Leafy also advises not repotting for 2–3 weeks. A Plant Care Specialist can give free care advice.,guarantee,3,0.4864958
t146,"I already got a replacement for my dead fern under the guarantee and the replacement died too, 3 weeks in. Can I claim again?","Yes. A replacement gets its own new 30-day guarantee, so it can be replaced once more. That second replacement has no guarantee.",guarantee,3,0.7223911
t147,My dog chewed a pothos leaf about 10 minutes ago. He's acting normal but I'm worried.,Pothos isn't pet-safe. Contact your vet or local poison control immediately. Then we escalate this to a human Support Lead as a safety issue.,plant_safety,3,0.57749784
t148,"I have cats. Which of these are safe: spider plant, peace lily, or calathea?",Pet-safe: spider plant and calathea. Not pet-safe: peace lily.,plant_safety,3,0.68926585
t149,"My package arrived 20 hours ago. The pot is cracked and soil is everywhere, but the plant looks OK. What can I do?",A cracked pot counts as DOA. Report within 48 hours with photos of the item and the box. You get a free replacement on the next plant shipping day or a refund.,damaged,3,0.62828255
t150,I got my plant 3 days ago and it's wilted and the main stem snapped. I only noticed today. Is it too late for DOA?,"Yes, the 48-hour DOA window has passed. The issue goes through the Plant Care Guarantee (30 days, or 90 for Plus) with two photos.",damaged,3,0.65174735
t151,The leaves on my new plant are a bit bent and there's loose soil in the box. Is this DOA?,No. A few bent leaves or loose soil is normal and not damage.,damaged,3,0.47078556
t152,A $25 glass watering can arrived smashed yesterday. Do I need to send the pieces back?,Report with photos of the item and box. It qualifies for a replacement or refund. Items under $40 usually don't need to be sent back.,damaged,3,0.5856147
t153,I ordered a pilea but received a peperomia. What happens?,We ship the correct item free by Express (where the zone allows) with a free return label. A wrong live plant can be kept at no charge.,damaged,3,0.61555684
t154,"I see two charges from Leafy for the same order, $48.50 each. Is this a mistake?","First check whether one is a pending authorisation. If both have posted, send the order number and last four card digits; the duplicate is refunded within 3 business days of confirmation. Never share the full card number, security code or password. If it's a charge dispute, escalate.",payments,3,0.6703663
t155,I cancelled my order an hour after placing it but my bank still shows a pending charge. Can you release it?,No. Pending authorisations on cancelled orders drop off in 3–7 business days depending on the bank; Leafy can't release it faster.,payments,3,0.74970615
t156,My order was split into two parcels and I see two charges. Why?,"Cards are charged when the order ships, so an order shipped in several parcels can show one charge per parcel.",payments,3,0.72248006
t157,Can I pay for a $40 order with buy-now-pay-later? And what about a $300 one?,"BNPL is available on orders of $50–$1,000. So $40 isn't eligible, $300 is.",payments,3,0.73140335
t158,Can I pay by bank transfer for a big $600 order?,"No. Bank transfers, cash and cheques aren't accepted. Accepted: credit/debit cards, digital wallets and Leafy gift cards, plus BNPL for $50–$1,000.",payments,3,0.67101
t159,My card was closed and replaced. You owe me a $55 refund. Can you send it to my new card?,"No. Refunds go only to the original payment method, even if closed. The bank normally passes it to the replacement card. Alternatively, take instant, non-expiring store credit.",refunds,3,0.6337011
t160,How long until a $30 refund reaches my digital wallet versus my credit card?,"Once issued: digital wallets 3–5 business days, cards 5–10 business days. Store credit is instant.",refunds,3,0.717492
t161,I used a 15% promo code but forgot to add my second code. Can I add it now? I'm also a Plus member.,No. One promo per order and it can't be added after ordering. Promo codes can't be combined with Plus member pricing on the same item; the better discount applies automatically.,payments,3,0.7779184
t162,I lost the code for the $100 gift card my sister bought me. Can you reissue it? Also can I cash it out?,Lost codes are reissued if the purchaser gives the gift card order number. Gift cards are never refundable for cash and never expire.,payments,3,0.6931284
t163,It's the 20th. I'm on Plant Club Collector and want to cancel. Will I be charged on the 25th?,"Cancelling before the 25th affects the next box, so no 25th charge. Do it under ""Account"" > ""Subscriptions"". No cancellation fee.",subscriptions,3,0.72406936
t164,I cancelled Plant Club Starter on the 26th. Do I still get October's box? Can I get a refund for it?,Changes on or after the 25th apply to the following month's box. An already-billed box isn't refunded and is still sent.,subscriptions,3,0.8389214
t165,"On Plant Club I already own a pothos, a ZZ plant and a snake plant. Can I make sure I don't get those? And can I pick my plant?","You can't choose the plant, but you can list up to 3 plants you own to avoid duplicates. The plant is chosen for your light level.",subscriptions,3,0.687691
t166,"How long can I pause Plant Club for, and is there any fee?","Pause for up to 3 months from ""Account"" > ""Subscriptions"". No cancellation fee or minimum term.",subscriptions,3,0.6843127
t167,Leafy Plus renewed yesterday for $59 and I didn't use it. Can I get my money back?,"Yes, a full refund if cancelled within 14 days of purchase or renewal and no benefits used.",membership,3,0.85497135
t168,Does Leafy Plus give me 10% off plants?,"No. The 10% member pricing is on pots and accessories only, not plants. Plus also gives free Standard shipping, free change-of-mind returns, 90-day guarantee and early rare drops.",membership,3,0.6787075
t169,I'm 17 and want to open an account to buy a succulent for myself. Can I?,No. Customers must be 18 or older to hold an account.,account,3,0.46588176
t170,I think someone logged into my account and placed an order I didn't make.,Reset your password immediately. Support escalates to a Support Lead as suspected fraud/account access.,escalation,3,0.675215
t171,"My $210 order was lost by the courier and I want a full refund. Also, this is the third time I've contacted you about it and I'm furious.","If lost, you can choose a free replacement or full refund. Because of the repeat contact (3+ times) and refund over $150, escalate to a human Support Lead. Be empathetic and give timeframes.",escalation,3,0.57144094
t172,"My plant arrived 3 days late and I'm annoyed. Is there anything you can do? Also, what are your phone hours?","Apologise; an agent can offer a one-time goodwill store credit up to $15 (never cash); more needs a Support Lead. There's no phone support. Chat is 8am–8pm Mon–Sat, email help@leafy.example answered within 1 business day.",contact,3,0.5828047
t173,"I ordered a $80 fern and a $30 pot on Monday. Fern was out of stock and I got an email 2 days ago offering options but I haven't replied. It's been 3 days now. What happens, and will the pot still come?","No reply within 3 days means an automatic refund for the out-of-stock item (the fern). The KB doesn't say the pot is cancelled, so it should still ship; confirm in My Orders. Otherwise options were a similar plant, a wait up to 14 days, or a refund.",multi_issue,3,0.80231905
t174,"I ordered a monstera yesterday and a pot with it, now I want to cancel the whole thing. Also can I use a promo code I forgot? Order LF-204518.","Cancellation is free only within 2 hours of ordering; after that the order is in the packing queue and support can try to intercept before shipping, not guaranteed. Promo codes can't be added after ordering.",multi_issue,4,0.64562064
t175,This is the THIRD time I'm writing about my missing parcel. Tracking hasn't moved in a week. Fix it now!!,"Apologise. Tracking stuck 4+ business days qualifies for a courier investigation (up to 5 business days); if lost, customer chooses free replacement or full refund. Since the issue has been raised three or more times, escalate to a human Support Lead.",escalation,4,0.6766286
t176,My fiddle leaf fig arrived with a snapped main stem 3 days ago. Why is nobody helping me? I want a refund.,"DOA must be reported within 48 hours of delivery, so this now goes through the Plant Care Guarantee (30 days, or 90 for Plus): claim from My Orders with two photos (whole plant + close-up); reviewed within 2 business days. Remedy is a free replacement, not necessarily a refund. If customer insists, can escalate.",damaged,4,0.7230817
t177,"my dog just chewed a pothos leaf and is drooling a lot, what do I do??","Pothos is not pet-safe. Tell them to contact a vet or local poison control immediately, then escalate to a human Support Lead.",plant_safety,4,0.51084733
t178,I was charged twice for LF-310022. Both show on my bank app. Give me my money back today.,"First check whether one is a pending authorisation. If both posted, send order number and last four card digits (never full number/CVV); duplicate refunded within 3 business days of confirmation. A charge dispute may need escalation to a Support Lead. Orders in several parcels can show one charge per parcel.",payments,4,0.4797827
t179,Can I return a pothos I bought 10 days ago? I just don't like how it looks. Also is shipping refunded?,Live plants can't be returned for change of mind. Plant problems go through the Plant Care Guarantee or DOA only. Original shipping is refunded only when the whole order is returned due to Leafy's error.,returns,4,0.57437766
t180,"I need to change the shipping address on my order, it shipped this morning. Just ask the courier to redirect it, you guys do that right?",No. Shipped orders' addresses can't be changed and couriers don't accept redirection requests from Leafy. Offer to escalate or help via courier investigation if it fails to arrive.,shipping,4,0.6718378
t181,Is Leafy Plus worth it? I want free express shipping and also a refund if I don't like it.,"Plus is $59/year: free Standard shipping with no minimum, free change-of-mind returns, 90-day guarantee, 10% on pots/accessories, early rare drops. No free Express (Express is $14.95 always). Full refund if cancelled within 14 days and no benefits used.",membership,4,0.81066895
t182,I bought Leafy Plus 20 days ago and used free shipping once. Cancel and refund me.,"Refund requires cancelling within 14 days and no benefits used. Neither applies, so no refund; benefits continue until the end of the paid year. If customer insists/upset, can escalate.",membership,4,0.85110176
t183,Can you call me about my order? I hate typing.,No phone support. Chat is 8am–8pm Mon–Sat; email help@leafy.example answered within 1 business day.,contact,4,0.526441
t184,The Plant Club box got billed on the 25th and I cancelled today the 27th. I want the money back and no box.,An already-billed box isn't refunded on cancellation and is still sent. No cancellation fee. Cancellation applies to the following month.,subscriptions,4,0.87331986
t185,"I want to pay for my order by bank transfer, and could I use buy-now-pay-later for a $30 pot?","Bank transfers aren't accepted. BNPL is only for orders of $50–$1,000, so not for $30 unless the order total reaches $50.",payments,4,0.6287637
t186,My credit card was closed and replaced. Refund LF-298811 to my new card please.,"Refunds go only to the original payment method, even if closed; the bank normally passes it to the replacement card. Alternatively take instant, non-expiring Leafy store credit.",refunds,4,0.5924237
t187,"Ordered Thursday a calathea, still not shipped on Friday. Ridiculous! Also is it safe for my cat?",Live plants ship Mon–Wed only; orders after noon Wednesday ship next Monday. Calathea is pet-safe.,multi_issue,4,0.4810036
t188,"Your weather hold email says my plants are delayed. I'm going to just waive it, but if it dies in the cold, replace it right?","If waived, the guarantee still applies except for cold or heat damage in transit; DOA claims for cold/heat damage aren't accepted. So it would not be replaced for that. Holds can be up to 7 days.",guarantee,4,0.7447243
t189,I repotted my new peace lily into garden soil after a week and now it's wilting. Replace it.,Repotting into non-Leafy soil in first 14 days isn't covered. Also advise not to repot for 2–3 weeks. Free care advice is available from Plant Care Specialists.,guarantee,4,0.5619103
t190,How many replacements can I get for a snake plant that keeps dying? The first replacement also died.,"Replacement gets its own 30-day guarantee, so it can be replaced once more; the second replacement has no guarantee. Claim with two photos from My Orders.",guarantee,4,0.5456321
t191,Need a $200 store credit for my terrible experience. Your delivery was 2 weeks late and I'm furious.,"Agents may offer one-time goodwill credit up to $15; more, and anything over $150, needs a Support Lead. Apologise and escalate.",escalation,4,0.5907339
t192,I'm 16 and want to open an account to buy a succulent for my mum.,"Customers must be 18 or older to hold an account. Can't open one; a parent could order, gift orders get a free note.",account,4,0.49894398
t193,Change my account email to my new address please. I don't have the password anymore.,Support can't change an account email over chat; customers change it after logging in. Password reset is the route to log in again.,account,4,0.54828984
t194,I think someone logged in to my account and ordered stuff. What now?,Reset password immediately; support escalates to a Support Lead for possible unauthorised access/fraud.,escalation,4,0.6615142
t195,"What's the shipping cost for an 5ft ficus to Alaska, and can I get it express?","XL plants (usually over 4 ft) add $20 handling and ship Standard only. Remote/island addresses are Zone 3: 5–8 business days, no Express. Standard $7.95, free at $75+.",shipping,4,0.70876384
t196,"Ordered a pot and a plant. The pot arrived cracked, plant fine. It's been 2 days. What are my options? It was a $35 pot.","Within 48 hours, report with photos of item and box. Replacement or refund; items under $40 usually don't need to be returned.",damaged,4,0.69535893
t197,Got a rubber plant instead of the ZZ plant I ordered. Do I have to send it back? And how fast will the right one arrive?,"Correct item ships free by Express where zone allows, with a free return label. A wrong live plant can be kept at no charge.",damaged,4,0.49378282
t198,"I returned a bag of soil, it's been 8 business days and no refund. Hello??",Refunds are issued within 5 business days of the return reaching the warehouse; then cards take 5–10 business days. Check whether it arrived; escalate if needed. Note opened soil isn't returnable unless faulty.,returns,4,0.7168553
t199,My return label expired. Can I still use it? I got it 10 days ago.,Labels expire after 7 days. The KB doesn't say a new one can be issued; offer to escalate/check via support. Return must be within 30 days of delivery for non-living items.,returns,4,0.7092523
t200,The plant I ordered is out of stock and I got an email. I didn't reply. Will I be charged?,"No reply within 3 days leads to automatic refund for that item. Options were similar plant, wait up to 14 days, or refund. Cards are charged on shipping.",orders,4,0.62175727
t201,Price of my monstera dropped $12 four days after I bought it. Can I get the difference? Also it was a flash sale item.,"Price drop within 7 days gives the difference as store credit once per item, but flash sales and clearance are excluded.",payments,4,0.6215533
t202,Can I use two promo codes on my order and also my Plus discount on pots?,One promo code per order; can't be combined with Plus pricing on the same item—the better discount applies automatically.,payments,4,0.8398684
t203,I lost my gift card code!! My aunt bought it for me last month.,Lost codes are reissued if the purchaser provides the gift card order number. Gift cards never expire and aren't refundable for cash.,payments,4,0.7646479
t204,Can I get a gift card refunded to cash? I bought a $100 one by mistake.,Gift cards are not refundable for cash.,refunds,4,0.57723856
t205,Do you ship to Canada? And to my PO box for a fern?,No international shipping. Live plants can't go to PO boxes; PO boxes are for non-living items only.,shipping,4,0.5956248
t206,Switch my Plant Club from Starter to Collector and also pause for 4 months. Today is the 20th.,"Change plan or pause from Account > Subscriptions; changes before the 25th affect the next box. Pause is up to 3 months max, not 4. Collector is $49 vs Starter $29.",subscriptions,4,0.5396589
t207,The Plant Club plant I got is one I already own. This is the second time! Fix it.,"Customers can list up to 3 owned plants to avoid duplicates. Repeat issue; apologise, offer goodwill up to $15 and escalate if repeated three or more times or customer insists. KB doesn't cover replacing duplicates directly.",subscriptions,4,0.5233382
t208,Tracking says delivered but there's no package. It's been just a couple hours. Do I wait?,"Delivered-but-not-arrived is a reason to contact support: courier investigation up to 5 business days; if lost, free replacement or full refund. Tracking can take up to 24 hours to update.",shipping,4,0.73677456
t209,Can I exchange the 8-inch pot I bought for a 10-inch one directly?,"No direct exchanges: return the item (within 30 days, unused, original packaging) and place a new order. Change-of-mind return costs $6.95 (free for Plus).",returns,4,0.4971998
t210,"Leaves of my new pothos turned yellow, two old ones, on day 5. Replace it now.","Yellowing of one or two older leaves in the first two weeks is normal transplant stress, not covered alone. Advise watering only when top inch is dry, avoid direct sun first week; Plant Care Specialists can advise.",guarantee,4,0.50738657
t211,What time can I chat with a plant specialist on Sunday? My ZZ plant is drooping.,"Plant Care Specialists are on chat 9am–5pm Mon–Fri, so not Sunday; email is available. Advice is free. General chat is 8am–8pm Mon–Sat.",contact,4,0.5435176
t212,I want to delete my account and also keep my Plant Club going.,"Deletion (Account > Privacy) takes up to 30 days and cancels subscriptions, so Plant Club can't continue. Already-billed box still sent.",account,4,0.85985136
t213,Cancelled order LF-221100 an hour ago and the money still shows pending on my card! Scam?,Pending authorisation on a cancelled order drops off in 3–7 business days depending on bank; Leafy can't release it faster. Cards are charged on shipping. Not a charge unless it posted.,payments,4,0.69249
t214,I ordered Wednesday at 3pm. When will my plant get to me in Zone 2 with express?,"Plant orders after noon Wednesday ship next Monday. Zone 2 Express is 2 business days after shipping, so arrives about Wednesday (subject to weather holds). Express is $14.95.",shipping,4,0.6589988
t215,I want a full refund for my entire order because Leafy shipped the wrong plant AND a late order. Also refund shipping.,Wrong item is fixed with free Express correct item and a free return label; wrong live plant can be kept. Original shipping is refunded only if whole order is returned due to Leafy's error. Offer goodwill up to $15; escalate if insists.,multi_issue,4,0.6787
t216,How do I get my data from Leafy? Also are my details sold?,Data can be downloaded under Account > Privacy. The KB doesn't cover whether details are sold; offer to escalate.,account,4,0.4998755
t217,Do you sell plant insurance or offer a loyalty points program?,KB doesn't cover loyalty points or insurance. Related: Plant Care Guarantee and Leafy Plus. Offer to escalate.,contact,4,0.56742173
t218,I'm a Plus member for 2 months and my plant from 50 days ago is dying. Am I covered?,Yes if the plant was ordered while membership active: 90-day guarantee. Claim in My Orders with two photos; reviewed within 2 business days. Free replacement of same plant.,membership,4,0.73320264
t219,"my order LF-305577 is in the packing queue. i need to add one more pot, can you add it?",After 2 hours orders can't be changed online. Support may try to intercept before shipping but it's not guaranteed; suggest placing a new order. Free Standard at $75+ applies per order.,orders,4,0.46870354
t220,The $180 refund for my returned grow light hasn't arrived and support told me last week it would. I've asked twice already.,"Refund over $150 requires a Support Lead, so escalate. Refund issued within 5 business days of warehouse receipt, then 5–10 business days for cards, 3–5 for wallets.",escalation,4,0.6175793
t221,Is the spider plant safe for my toddler to chew on? Just curious. Kids put everything in their mouths.,"KB lists spider plant as pet-safe but doesn't state toddler safety. If anyone may have eaten a plant, contact doctor/poison control immediately; offer to escalate.",plant_safety,4,0.60445106
t222,Gift for my sister: can the note include the price and be 300 characters? Also hide the price on the slip.,"Gift note is free and up to 200 characters, so 300 is too long. Prices are never printed on gift packing slips.",orders,4,0.41041672
t223,I waited a week for a reply after emailing and now my plant died. Compensate me.,"Email is answered within 1 business day, so apologise. Goodwill store credit up to $15 for delayed reply; plant death goes via the Plant Care Guarantee with two photos. More needs a Support Lead.",multi_issue,4,0.6321934
t224,I ordered a monstera 3 hours ago and realized I put the wrong address. Can I change it in My Orders?,"No. The free change/cancel window is 2 hours, so it's now in the packing queue and can't be changed online. Support can try to intercept it before it ships, but that's not guaranteed. Offer to try.",orders,5,0.62903154
t225,My order LF-204518 shipped yesterday. Can you ask the courier to redirect it to my office?,"No. Shipped orders can't have the address changed, and couriers don't accept redirection requests from Leafy. Offer other help, e.g. tracking or a courier investigation if it goes missing.",shipping,5,0.57024765
t226,I bought a fern and I just don't like how it looks in my room. Can I send it back?,No. Live plants can't be returned for change of mind. Plant problems go through the Plant Care Guarantee or Damaged on Arrival.,returns,5,0.6782384
t227,I opened a bag of potting soil but only used a little. Can I return it within 30 days?,"No. Opened soil can't be returned unless it's faulty. If it's faulty, it can be returned within 30 days of delivery, free.",returns,5,0.7871613
t228,I got my return label 9 days ago and never dropped off the parcel. Can I still use it?,"Labels expire after 7 days, so it's expired. The KB doesn't say how to get a new label, so offer to escalate or check from My Orders. Don't promise one.",returns,5,0.7053932
t229,Can I get Express shipping to my cabin on an island off the coast?,"No. Island and remote addresses are Zone 3, where Express isn't available. Standard takes 5–8 business days.",shipping,5,0.6930229
t230,I ordered a 5 ft fiddle leaf fig. Can I get it by Express because it's a gift for tomorrow?,No. XL plants (usually over 4 ft) ship Standard only and add a $20 handling fee. Plants also ship Mon–Wed only.,shipping,5,0.60590005
t231,Can you send my succulent to my PO box? It's the only address I have.,No. Live plants can't ship to PO boxes. PO boxes work only for non-living items.,shipping,5,0.69080186
t232,"You emailed that a cold snap is delaying my plants. I'll reply to waive the hold so it ships now. If it freezes, can I still claim DOA?","No. If the hold is waived, cold or heat damage in transit isn't covered, and DOA claims for it aren't accepted. The Guarantee still applies otherwise. Without the waiver, the hold can last up to 7 days.",shipping,5,0.6450714
t233,My tracking hasn't updated in 2 business days. Can you start a lost-parcel investigation?,"Not yet. Contact support once tracking hasn't moved for 4 business days, or if it shows delivered but nothing arrived. Tracking can take up to 24 hours to update.",shipping,5,0.76943374
t234,My plant was delivered 5 weeks ago and it's now dying. I'm on the normal plan. Can I claim a replacement?,No. The guarantee is 30 days from delivery (90 for Plus members on plants ordered while active). A claim after the window isn't covered. Free care advice is available from a Plant Care Specialist.,guarantee,5,0.7898334
t235,Two of the older leaves on my new pothos went yellow in week one. Does the guarantee cover that?,Not on its own. Yellowing of one or two older leaves in the first two weeks is normal transplant stress. Care advice is available.,guarantee,5,0.5561307
t236,I repotted my plant into my own soil on day 5 and now it has root rot. Can I get a replacement?,Probably not. Repotting into non-Leafy soil in the first 14 days isn't covered. A claim can be submitted with photos for specialist review.,guarantee,5,0.54181874
t237,My replacement plant died too. Do I get another one?,"If it's the first replacement, it has its own new 30-day guarantee and can be replaced once more. That second replacement has no guarantee. If it was already the second replacement, no further replacement.",guarantee,5,0.8435404
t238,"How many photos do I need for a plant claim, and do I have to mail the dead plant back?","At least two photos (whole plant plus close-up), submitted via My Orders within the window. No need to send the plant back. A specialist reviews within 2 business days.",guarantee,5,0.6599485
t239,My plant arrived Monday and today is Thursday. The stem is snapped. Can I still report it as damaged?,"If more than 48 hours since delivery, it's past the DOA window. Plant issues then go through the Plant Care Guarantee, with at least two photos from My Orders.",damaged,5,0.80835426
t240,A few leaves were bent and some soil spilled in the box. Can I get a replacement?,"No. A few bent leaves or loose soil is normal, not damage. DOA covers snapped main stems, a cracked pot, exposed roots, or dead or severely wilted plants.",damaged,5,0.5917156
t241,You sent me a peperomia instead of the pothos I ordered. Do I have to return it?,No. A wrong live plant can be kept at no charge. The correct item ships free by Express where the zone allows.,damaged,5,0.8915662
t242,I was charged twice for LF-310022. Both show as posted. What do I do?,"Send the order number and last four card digits (never the full number, security code or password). The duplicate is refunded within 3 business days of confirmation. Note that multi-parcel orders can show one charge per parcel.",payments,5,0.51512814
t243,I cancelled my order but my bank still shows a pending charge. Can you remove it today?,No. A pending authorisation on a cancelled order drops off in 3–7 business days depending on the bank. Leafy can't release it faster.,payments,5,0.716195
t244,My old card was closed. Can you refund to my new card instead?,"No. Refunds go only to the original payment method. The bank normally passes it to the replacement card. Alternatively, the customer can take instant, never-expiring Leafy store credit.",refunds,5,0.6537634
t245,Can I pay with a bank transfer for a $300 order?,"No. Accepted: cards, digital wallets, Leafy gift cards. Bank transfers and cash aren't accepted. Buy-now-pay-later is available for $50–$1,000.",payments,5,0.6587048
t246,Can I use buy-now-pay-later for a $35 pot?,"No. Buy-now-pay-later is available on orders of $50–$1,000 only.",payments,5,0.6672331
t247,The monstera I bought 5 days ago dropped $10 in price. Can I get the difference?,"Yes, within 7 days of purchase, as store credit, once per item. It excludes flash sales and clearance, so check whether the item was one of those.",payments,5,0.56704247
t248,I forgot to enter my promo code at checkout. Can you add it now? Also can I combine it with my Plus pricing?,No. Promo codes can't be added after ordering. They also can't combine with Plus member pricing on the same item; the better discount applies automatically.,payments,5,0.7876543
t249,I got a gift card for my birthday but don't want it. Can I get cash back?,No. Gift cards are not refundable for cash. They never expire.,payments,5,0.5602164
t250,I lost the code to a gift card I bought. Can you reissue it?,"Yes, lost codes are reissued if the purchaser provides the gift card order number.",payments,5,0.7660801
t251,"I cancelled Plant Club on the 26th. Will I still get next month's box, and do I get the money back?",Changes on or after the 25th apply to the following month's box. An already-billed box (charged on the 25th) isn't refunded and is still sent. No cancellation fee.,subscriptions,5,0.81107545
t252,Can I pick which plant I get in my Collector box? I really want a rare calathea.,No. Customers can't choose the plant. They can list up to 3 plants they own to avoid duplicates. Plants are matched to light level.,subscriptions,5,0.7148565
t253,Can I pause my Starter plan for 6 months while I travel?,"No. Pausing is up to 3 months. They can skip, or cancel with no fee or minimum term, in Account > Subscriptions.",subscriptions,5,0.4769824
t254,I bought Leafy Plus 20 days ago and haven't used any perks. Can I get a refund?,"No. A full refund requires cancelling within 14 days of purchase or renewal and no benefits used. After that, no refund, but benefits continue until the end of the paid year.",membership,5,0.7358473
t255,My Leafy Plus renewed this morning and I didn't use any benefits yet. Can I cancel for a full refund?,"Yes, if within 14 days of renewal and no benefits used, the full $59 is refunded.",membership,5,0.80311924
t256,I'm a Plus member and my plant from before I joined is dying at day 50. Does the 90-day guarantee apply?,"No. The 90-day guarantee applies only to plants ordered while the membership is active. A plant bought before joining has the standard 30 days, so it's out of window.",membership,5,0.74762523
t257,Can I call you guys? Typing is hard for me.,"No phone support. Options: chat 8am–8pm Mon–Sat, or email help@leafy.example, answered within 1 business day.",contact,5,0.32905632
t258,It's Saturday afternoon. Can I chat with a plant specialist about my drooping calathea?,"Specialist chat is 9am–5pm Mon–Fri, so not on Saturday. They can email, or general support chat is open Mon–Sat 8am–8pm. Care advice is free for anyone.",contact,5,0.61613584
t259,My cat chewed a leaf of my peace lily and is drooling. What should I do?,Contact a vet or local poison control immediately. Peace lily isn't pet-safe. Then escalate to a human Support Lead as a safety issue.,plant_safety,5,0.6060343
t260,"Which of these is safe for my dog: calathea, snake plant, or spider plant?",Calathea and spider plant are pet-safe. Snake plant is not.,plant_safety,5,0.6177988
t261,I'm 16 and want to open an account to buy a pothos with my own money. Is that okay?,No. Customers must be 18 or older to hold an account.,account,5,0.5405365
t262,Can you change the email on my account to my new address? I can't log in to the old one anymore.,Support can't change an account email over chat. Customers change it themselves after logging in. The KB doesn't cover recovery without access; offer to escalate.,account,5,0.6585003
t263,This is the third time I've written about my missing refund and nobody fixed it. I want a manager.,Same issue raised three or more times is an escalation trigger. Apologise and escalate to a human Support Lead; don't promise outcomes beyond policy.,escalation,5,0.473144
t264,My $220 order was lost in transit. I want a refund AND a replacement.,"If confirmed lost after the courier investigation (up to 5 business days), the customer chooses a free replacement or a full refund, not both. A refund over $150 requires a Support Lead, so escalate.",escalation,5,0.54573613
t265,My plant arrived 3 days late and I'm furious. What can you give me?,Apologise. Agents may offer one-time store credit up to $15 for a poor experience; goodwill is never cash. More requires a Support Lead.,escalation,5,0.5634752
t266,Do you ship plants to Canada?,No. There's no international shipping.,shipping,5,0.63771087
t267,The pot I ordered is out of stock after I ordered a plant and pot together. Plus my plant is cracked. What happens?,"Out of stock: an email within 24 hours offers a similar item of equal or higher value, waiting up to 14 days, or a refund for that item; no reply in 3 days means an automatic refund. For the cracked item, report DOA within 48 hours with photos of the item and box. Plant: free replacement on the next plant shipping day, or refund.",multi_issue,5,0.68364906
t268,Do you offer a plant-sitting service or repotting help in person while I'm away?,The KB doesn't cover this. Don't guess; offer free care advice from a Plant Care Specialist or escalate.,contact,5,0.52598375
t269,I want to delete my account but I have an active Plant Club subscription. What happens?,Delete under Account > Privacy. Deletion takes up to 30 days and cancels subscriptions. An already-billed box isn't refunded on cancellation and is still sent.,account,5,0.87392735
